XQ-iMet-XQ Pressure,XQ-iMet-XQ Air Temperature,XQ-iMet-XQ Humidity,XQ-iMet-XQ Humidity Temp,XQ-iMet-XQ Date,XQ-iMet-XQ Time,XQ-iMet-XQ Longitude,XQ-iMet-XQ Latitude,XQ-iMet-XQ Altitude,XQ-iMet-XQ Sat Count
999.84,16.19,51.1,17.46,9/14/2023,15:25:39,-87.8411409,43.1312446,174.115,8
999.71,16.18,51.2,17.44,9/14/2023,15:25:40,-87.841142,43.1312459,175.618,9
999.55,16.16,51.3,17.42,9/14/2023,15:25:41,-87.8411436,43.1312495,176.135,9
999.43,16.16,51.4,17.39,9/14/2023,15:25:42,-87.8411522,43.1312605,175.924,9
999.31,16.16,51.5,17.38,9/14/2023,15:25:43,-87.8411437,43.1312567,175.627,9
999.16,16.14,51.6,17.35,9/14/2023,15:25:44,-87.8411391,43.1312541,175.735,9
999.04,16.1,51.6,17.35,9/14/2023,15:25:45,-87.8411402,43.1312485,177.102,8
998.89,16.11,51.7,17.32,9/14/2023,15:25:46,-87.8411463,43.131243,179.898,9
998.8,16.08,51.8,17.31,9/14/2023,15:25:47,-87.8411421,43.131231,183.045,8
998.56,16.1,51.9,17.29,9/14/2023,15:25:48,-87.841134,43.1312289,185.102,9
998.49,16.08,51.9,17.28,9/14/2023,15:25:49,-87.841145,43.1312483,184.925,8
998.4,16.07,52,17.27,9/14/2023,15:25:50,-87.841151,43.1312533,184.719,9
998.25,16.06,52,17.25,9/14/2023,15:25:51,-87.8411621,43.1312482,187.165,8
998.1,16.06,52.1,17.25,9/14/2023,15:25:52,-87.8411733,43.1312465,189.476,8
997.98,16.04,52.2,17.23,9/14/2023,15:25:53,-87.8411716,43.1312463,189.897,8
997.86,16.02,52.2,17.2,9/14/2023,15:25:54,-87.84116,43.1312447,188.9,8
997.73,16.01,52.3,17.2,9/14/2023,15:25:55,-87.8411583,43.1312439,190.726,9
997.62,16,52.3,17.18,9/14/2023,15:25:56,-87.8411522,43.1312405,191.173,9
997.46,15.98,52.3,17.16,9/14/2023,15:25:57,-87.8411573,43.1312448,192.513,8
997.35,15.97,52.3,17.14,9/14/2023,15:25:58,-87.8411663,43.131253,194.281,9
997.13,15.96,52.3,17.13,9/14/2023,15:25:59,-87.8411717,43.1312603,196,8
996.97,15.95,52.3,17.11,9/14/2023,15:26:00,-87.8411795,43.131267,197.437,9
996.87,15.93,52.4,17.09,9/14/2023,15:26:01,-87.8411913,43.1312779,198.144,8
996.69,15.92,52.5,17.11,9/14/2023,15:26:02,-87.8412035,43.1312801,198.535,8
996.57,15.91,52.6,17.09,9/14/2023,15:26:03,-87.8412038,43.1312737,198.592,8
996.4,15.91,52.6,17.07,9/14/2023,15:26:04,-87.8412018,43.1312675,200.004,8
996.26,15.91,52.6,17.07,9/14/2023,15:26:05,-87.8411865,43.1312546,200.517,8
996.08,15.89,52.8,17.05,9/14/2023,15:26:06,-87.841183,43.1312573,199.626,9
995.92,15.92,53,17.04,9/14/2023,15:26:07,-87.8411984,43.1312688,201.739,9
995.76,15.85,53,17.04,9/14/2023,15:26:08,-87.8412132,43.1312672,205.105,8
995.58,15.83,52.9,17.01,9/14/2023,15:26:09,-87.8412213,43.1312614,209.216,8
995.46,15.83,52.9,17,9/14/2023,15:26:10,-87.8412288,43.1312657,213.155,8
995.33,15.82,53,17,9/14/2023,15:26:11,-87.8412398,43.1312714,216.5,7
995.17,15.79,53,16.97,9/14/2023,15:26:12,-87.8412482,43.1312816,216.666,8
995.03,15.79,53.1,16.97,9/14/2023,15:26:13,-87.8412415,43.1312844,217.223,8
994.86,15.75,53.1,16.94,9/14/2023,15:26:14,-87.8412361,43.1312916,218.261,8
994.68,15.75,53.1,16.94,9/14/2023,15:26:15,-87.8412277,43.1312928,219.181,9
994.51,15.72,53.1,16.91,9/14/2023,15:26:16,-87.8412384,43.1312931,220.966,9
994.44,15.73,53.2,16.91,9/14/2023,15:26:17,-87.8412423,43.1312879,222.499,8
994.24,15.73,53.2,16.89,9/14/2023,15:26:18,-87.8412413,43.1312886,223.139,9
994.06,15.71,53.3,16.87,9/14/2023,15:26:19,-87.8412443,43.1313001,221.714,9
993.91,15.7,53.3,16.86,9/14/2023,15:26:20,-87.8412397,43.1313015,221.074,8
993.76,15.68,53.3,16.86,9/14/2023,15:26:21,-87.8412411,43.1313044,222.973,8
993.59,15.66,53.4,16.83,9/14/2023,15:26:22,-87.8412341,43.1313051,224.612,8
993.39,15.66,53.5,16.83,9/14/2023,15:26:23,-87.8412459,43.1313132,226.231,8
993.22,15.65,53.5,16.82,9/14/2023,15:26:24,-87.8412568,43.1313217,228.708,8
993.08,15.65,53.5,16.81,9/14/2023,15:26:25,-87.8412567,43.1313212,231.307,8
992.93,15.63,53.6,16.79,9/14/2023,15:26:26,-87.8412655,43.1313166,235.733,8
992.8,15.59,53.6,16.75,9/14/2023,15:26:27,-87.8412794,43.1313192,238.949,9
992.52,15.57,53.6,16.74,9/14/2023,15:26:28,-87.8412853,43.1313212,241.745,9
992.4,15.56,53.7,16.73,9/14/2023,15:26:29,-87.8412898,43.1313145,245.576,8
992.25,15.58,53.7,16.71,9/14/2023,15:26:30,-87.8412777,43.1313136,246.302,8
992.04,15.55,53.7,16.7,9/14/2023,15:26:31,-87.8412747,43.1313184,249.132,8
991.93,15.53,53.7,16.69,9/14/2023,15:26:32,-87.8412796,43.1313286,252.281,7
991.79,15.49,53.8,16.67,9/14/2023,15:26:33,-87.8412661,43.1313239,254.245,8
991.57,15.45,53.8,16.64,9/14/2023,15:26:34,-87.8412668,43.1313207,257.237,8
991.43,15.47,53.8,16.63,9/14/2023,15:26:35,-87.8412583,43.1313147,258.708,9
991.3,15.43,53.9,16.62,9/14/2023,15:26:36,-87.8412636,43.1313187,259.874,9
991.15,15.43,53.9,16.6,9/14/2023,15:26:37,-87.8412593,43.1313215,259.26,10
991,15.42,53.9,16.59,9/14/2023,15:26:38,-87.8412311,43.1313136,258.247,8
990.85,15.41,53.9,16.58,9/14/2023,15:26:39,-87.8412209,43.1313159,259.731,9
990.67,15.4,54,16.55,9/14/2023,15:26:40,-87.841229,43.1313265,262.549,9
990.48,15.37,54.1,16.54,9/14/2023,15:26:41,-87.8412412,43.1313257,265.929,8
990.31,15.38,54.1,16.54,9/14/2023,15:26:42,-87.8412463,43.1313273,267.705,7
990.21,15.36,54.1,16.51,9/14/2023,15:26:43,-87.8412394,43.131317,270.039,9
990,15.33,54.2,16.49,9/14/2023,15:26:44,-87.841243,43.1313095,273.41,9
989.91,15.33,54.2,16.49,9/14/2023,15:26:45,-87.84125,43.1313129,275.418,9
989.86,15.34,54.2,16.47,9/14/2023,15:26:46,-87.8412588,43.1313117,277.507,9
989.87,15.32,54.3,16.47,9/14/2023,15:26:47,-87.8412637,43.1313121,278.445,9
989.83,15.31,54.3,16.47,9/14/2023,15:26:48,-87.8412627,43.131311,277.833,9
989.86,15.31,54.3,16.44,9/14/2023,15:26:49,-87.8412517,43.1313024,277.182,9
989.86,15.28,54.4,16.43,9/14/2023,15:26:50,-87.8412534,43.1313089,277.826,9
989.81,15.29,54.4,16.43,9/14/2023,15:26:51,-87.8412613,43.1313067,278.802,9
989.83,15.31,54.4,16.41,9/14/2023,15:26:52,-87.8412618,43.1313068,279.288,8
989.84,15.31,54.4,16.41,9/14/2023,15:26:52,-87.8412618,43.1313068,279.288,8
989.84,15.3,54.4,16.38,9/14/2023,15:26:53,-87.8412654,43.131305,279.743,9
989.83,15.3,54.4,16.38,9/14/2023,15:26:54,-87.8412736,43.1313071,280.9,8
989.92,15.3,54.4,16.37,9/14/2023,15:26:55,-87.8412705,43.1313086,280.526,10
989.88,15.34,54.5,16.36,9/14/2023,15:26:56,-87.8412649,43.1313079,280.37,10
990.08,15.33,54.5,16.36,9/14/2023,15:26:57,-87.8412618,43.1313093,279.384,8
990.21,15.34,54.6,16.36,9/14/2023,15:26:58,-87.8412654,43.131316,279.2,9
990.43,15.37,54.7,16.33,9/14/2023,15:26:59,-87.8412637,43.1313204,277.957,9
990.41,15.35,54.7,16.33,9/14/2023,15:27:00,-87.84126,43.13132,276.992,9
990.56,15.42,54.8,16.33,9/14/2023,15:27:01,-87.8412571,43.1313202,276.828,9
990.54,15.45,54.8,16.34,9/14/2023,15:27:02,-87.8412573,43.1313251,276.58,10
990.53,15.44,54.9,16.36,9/14/2023,15:27:03,-87.8412504,43.1313196,276.689,10
990.56,15.45,54.9,16.36,9/14/2023,15:27:04,-87.8412571,43.1313209,277.551,10
990.57,15.45,54.9,16.37,9/14/2023,15:27:05,-87.8412561,43.1313196,278.354,10
990.64,15.42,54.9,16.37,9/14/2023,15:27:06,-87.8412544,43.1313152,278.533,9
990.7,15.46,55,16.37,9/14/2023,15:27:07,-87.8412612,43.1313116,279.58,8
990.71,15.46,55,16.37,9/14/2023,15:27:08,-87.8412651,43.1313196,279.701,10
990.7,15.46,55,16.37,9/14/2023,15:27:09,-87.8412685,43.1313204,280.615,9
990.81,15.46,55,16.38,9/14/2023,15:27:10,-87.8412695,43.131317,280.776,9
990.84,15.46,55,16.38,9/14/2023,15:27:11,-87.8412706,43.1313193,280.561,9
990.93,15.48,55.1,16.37,9/14/2023,15:27:12,-87.8412756,43.1313181,280.712,8
991.05,15.47,55.1,16.37,9/14/2023,15:27:13,-87.841279,43.1313189,279.838,8
991.17,15.46,55.1,16.38,9/14/2023,15:27:14,-87.8412776,43.1313226,279.017,7
991.24,15.47,55.2,16.4,9/14/2023,15:27:15,-87.841272,43.1313237,277.599,8
991.38,15.48,55.2,16.4,9/14/2023,15:27:16,-87.8412636,43.1313188,275.966,8
991.48,15.52,55.2,16.38,9/14/2023,15:27:17,-87.8412633,43.1313154,275.599,9
991.65,15.5,55.2,16.41,9/14/2023,15:27:18,-87.8412578,43.1313166,274.093,8
991.73,15.54,55.2,16.41,9/14/2023,15:27:19,-87.8412531,43.131316,272.683,8
991.89,15.55,55.2,16.41,9/14/2023,15:27:20,-87.841251,43.1313154,271.092,9
992.1,15.55,55.1,16.43,9/14/2023,15:27:21,-87.8412459,43.1313127,269.565,8
992.2,15.56,55.1,16.43,9/14/2023,15:27:22,-87.8412421,43.1313113,267.978,9
992.32,15.57,55.1,16.44,9/14/2023,15:27:23,-87.8412445,43.1313353,263.905,10
992.54,15.6,55.1,16.44,9/14/2023,15:27:24,-87.8412425,43.1313291,263.208,7
992.68,15.6,55.1,16.44,9/14/2023,15:27:25,-87.8412381,43.1313267,261.232,9
992.84,15.57,55,16.45,9/14/2023,15:27:26,-87.8412373,43.131326,260.255,9
992.97,15.57,55,16.45,9/14/2023,15:27:27,-87.8412418,43.131345,257.463,9
993.12,15.6,55,16.45,9/14/2023,15:27:28,-87.8412329,43.1313459,255.349,9
993.32,15.57,55,16.45,9/14/2023,15:27:29,-87.8412242,43.131346,253.214,8
993.5,15.61,55,16.47,9/14/2023,15:27:30,-87.8412228,43.1313445,251.831,9
993.66,15.63,55,16.48,9/14/2023,15:27:31,-87.8412179,43.1313363,250.048,10
993.74,15.61,55,16.49,9/14/2023,15:27:32,-87.8412155,43.13133,248.308,10
993.93,15.64,55.1,16.49,9/14/2023,15:27:33,-87.8412056,43.1313248,245.592,10
994.05,15.69,55.1,16.52,9/14/2023,15:27:34,-87.8412068,43.1313352,243.14,9
994.27,15.73,55.2,16.54,9/14/2023,15:27:35,-87.8411949,43.1313209,241.336,9
994.4,15.79,55.3,16.55,9/14/2023,15:27:36,-87.8411938,43.1313235,239.501,9
994.49,15.81,55.3,16.56,9/14/2023,15:27:37,-87.8411969,43.1313256,238.368,8
994.71,15.79,55.4,16.58,9/14/2023,15:27:38,-87.8411966,43.1313283,236.757,9
994.85,15.78,55.4,16.59,9/14/2023,15:27:39,-87.8411977,43.1313251,235.631,9
995.11,15.81,55.4,16.6,9/14/2023,15:27:40,-87.8412026,43.1313196,235.223,9
995.17,15.79,55.4,16.62,9/14/2023,15:27:41,-87.8411999,43.1313251,232.797,10
995.31,15.79,55.3,16.62,9/14/2023,15:27:42,-87.8412004,43.1313333,231.587,9
995.51,15.83,55.3,16.63,9/14/2023,15:27:43,-87.841195,43.1313375,228.648,10
995.7,15.84,55.3,16.66,9/14/2023,15:27:44,-87.8411864,43.1313283,226.684,9
995.86,15.85,55.2,16.64,9/14/2023,15:27:45,-87.8411926,43.131356,223.66,10
995.86,15.85,55.2,16.66,9/14/2023,15:27:46,-87.8411844,43.1313476,222.268,9
996.09,15.87,55.2,16.66,9/14/2023,15:27:47,-87.8411811,43.1313448,220.844,10
996.23,15.88,55.2,16.67,9/14/2023,15:27:48,-87.8411854,43.131343,221.077,9
996.35,15.9,55.2,16.7,9/14/2023,15:27:49,-87.8411919,43.1313588,219.221,9
996.52,15.92,55.2,16.7,9/14/2023,15:27:50,-87.8411942,43.1313547,218.499,9
996.57,15.95,55.2,16.71,9/14/2023,15:27:51,-87.841195,43.1313544,217.847,9
996.77,15.95,55.3,16.75,9/14/2023,15:27:52,-87.8411958,43.1313587,216.459,9
996.86,15.97,55.3,16.75,9/14/2023,15:27:53,-87.8412022,43.1313567,215.802,10
996.99,16,55.4,16.77,9/14/2023,15:27:54,-87.8411988,43.1313595,213.551,10
997.22,16.02,55.4,16.81,9/14/2023,15:27:55,-87.8411959,43.1313562,212.656,10
997.18,16.04,55.3,16.83,9/14/2023,15:27:56,-87.8411739,43.1313414,208.652,11
997.37,16.03,55.2,16.83,9/14/2023,15:27:57,-87.8411747,43.131347,207.494,11
997.52,16.01,55,16.85,9/14/2023,15:27:58,-87.8411796,43.1313391,207.514,11
997.66,16.03,54.9,16.85,9/14/2023,15:27:59,-87.8411864,43.1313408,206.747,11
997.83,16.03,54.6,16.85,9/14/2023,15:28:00,-87.8411847,43.1313356,205.463,11
997.95,16.03,54.6,16.87,9/14/2023,15:28:01,-87.8411854,43.1313278,204.551,11
998.11,16.04,54.5,16.87,9/14/2023,15:28:02,-87.8411877,43.1313229,203.53,11
998.13,16.05,54.3,16.9,9/14/2023,15:28:03,-87.8411853,43.1313209,202.346,11
998.36,16.06,54.2,16.91,9/14/2023,15:28:04,-87.8411856,43.1313263,200.397,10
998.52,16.05,54.1,16.93,9/14/2023,15:28:05,-87.8411775,43.1313189,198.52,11
998.64,16.06,54,16.93,9/14/2023,15:28:06,-87.841182,43.1313159,197.95,11
998.7,16.05,54,16.96,9/14/2023,15:28:07,-87.841191,43.1313171,197.39,11
998.86,16.08,53.9,16.96,9/14/2023,15:28:08,-87.8411888,43.1313183,196.55,10
998.95,16.07,53.9,16.98,9/14/2023,15:28:09,-87.8411893,43.1313188,195.554,11
999.07,16.12,53.9,17,9/14/2023,15:28:10,-87.841177,43.1313119,192.689,11
999.25,16.12,53.8,17,9/14/2023,15:28:11,-87.84118,43.1313053,193.487,10
999.4,16.12,53.7,17.02,9/14/2023,15:28:12,-87.8411789,43.1313003,192.829,11
999.54,16.16,53.7,17.04,9/14/2023,15:28:13,-87.8411771,43.1313024,192.14,11
999.65,16.12,53.5,17.05,9/14/2023,15:28:14,-87.8411762,43.1313069,190.737,10
999.86,16.16,53.5,17.05,9/14/2023,15:28:15,-87.8411724,43.1312982,189.78,11
999.87,16.14,53.5,17.07,9/14/2023,15:28:16,-87.8411706,43.1312901,189.593,10
999.96,16.16,53.4,17.07,9/14/2023,15:28:17,-87.8411724,43.1312968,189.072,11
999.94,16.17,53.3,17.08,9/14/2023,15:28:18,-87.8411759,43.131297,189.036,10
999.98,16.18,53.2,17.08,9/14/2023,15:28:19,-87.8411724,43.1312944,188.547,10
999.95,16.18,53.1,17.09,9/14/2023,15:28:20,-87.8411763,43.1312927,188.632,10
1000,16.17,53,17.11,9/14/2023,15:28:21,-87.8411761,43.131291,188.153,11
999.97,16.17,52.9,17.11,9/14/2023,15:28:22,-87.8411742,43.1312903,187.537,11
1000.06,16.19,52.9,17.11,9/14/2023,15:28:23,-87.8411757,43.1312937,186.691,10
999.99,16.17,52.9,17.11,9/14/2023,15:28:24,-87.841178,43.1312935,186.59,11
1000,16.16,52.8,17.13,9/14/2023,15:28:25,-87.8411857,43.1312936,187.672,11
1000.01,16.13,52.8,17.13,9/14/2023,15:28:26,-87.8411788,43.1312928,186.674,10
999.98,16.17,52.9,17.13,9/14/2023,15:28:27,-87.8411756,43.131292,186.628,10
1000,16.18,52.9,17.13,9/14/2023,15:28:28,-87.8411728,43.1312922,185.728,10
999.98,16.2,53,17.13,9/14/2023,15:28:29,-87.8411735,43.1312893,185.88,11
999.99,16.2,53,17.13,9/14/2023,15:28:30,-87.8411757,43.1312875,186.375,11
999.93,16.23,53,17.14,9/14/2023,15:28:31,-87.8411699,43.1312857,185.548,12
1000.03,16.21,53,17.14,9/14/2023,15:28:32,-87.8411741,43.1312856,186.124,11
1000,16.18,53,17.14,9/14/2023,15:28:33,-87.8411728,43.1312849,185.897,11
1000.02,16.18,53,17.17,9/14/2023,15:28:34,-87.841176,43.1312883,185.73,12
1000.12,16.19,52.9,17.09,9/14/2023,15:28:35,-87.8411787,43.1312842,185.004,12
1000.14,16.18,53,17.02,9/14/2023,15:28:36,-87.8411963,43.1312701,184.232,12
1000.16,16.15,53.1,16.91,9/14/2023,15:28:37,-87.8412383,43.1312334,182.996,12
1000.15,16.16,53.1,16.94,9/14/2023,15:28:38,-87.8412963,43.1311961,183.051,11
1000.08,16.23,53.2,16.98,9/14/2023,15:28:39,-87.8413352,43.1311746,183.784,13
1000.11,16.21,53.2,17,9/14/2023,15:28:40,-87.8413509,43.1311684,183.699,13
1000.65,16.18,53.2,17.02,9/14/2023,15:28:41,-87.8413496,43.1311689,182.43,14
1000.55,16.26,53.2,17.08,9/14/2023,15:28:42,-87.8413299,43.1311537,182.623,14
1000.51,16.38,53.1,17.16,9/14/2023,15:28:43,-87.8412941,43.1311218,182.905,14
1000.48,16.41,53.1,17.13,9/14/2023,15:28:44,-87.8412804,43.1311121,182.631,14
1000.44,16.25,53.1,17.02,9/14/2023,15:28:45,-87.8412759,43.1311059,182.652,13
1000.56,16.28,53,17.01,9/14/2023,15:28:46,-87.8412629,43.1310887,182.347,14
1000.56,16.32,53,17.04,9/14/2023,15:28:47,-87.841248,43.1310617,182.565,14
1000.53,16.29,53,17.07,9/14/2023,15:28:48,-87.8412281,43.1310288,182.713,13
1000.47,16.3,53,17.13,9/14/2023,15:28:49,-87.8412041,43.1309865,183.603,15
1000.6,16.37,53.1,17.07,9/14/2023,15:28:50,-87.841181,43.1309459,183.82,15
1000.45,16.39,53.2,16.98,9/14/2023,15:28:51,-87.8411721,43.1309301,184.094,15
1000.57,16.25,53.4,16.89,9/14/2023,15:28:52,-87.8411681,43.1309255,183.727,15
1000.6,16.33,53.7,16.82,9/14/2023,15:28:53,-87.8411641,43.1309142,182.204,15
1000.89,16.33,54,16.75,9/14/2023,15:28:54,-87.8411639,43.130907,181.483,15
1000.98,16.37,54.5,16.71,9/14/2023,15:28:55,-87.8411662,43.1309097,181.523,14
1000.89,16.38,54.9,16.69,9/14/2023,15:28:56,-87.8411689,43.1309137,181.654,15
1000.86,16.35,55.1,16.67,9/14/2023,15:28:57,-87.8411661,43.1309119,181.235,15
1000.98,16.24,54.9,16.63,9/14/2023,15:28:58,-87.8411669,43.1309139,181.359,14
1001.04,16.13,54.7,16.59,9/14/2023,15:28:59,-87.8411675,43.1309146,181.433,14
1001.33,16.15,54.7,16.54,9/14/2023,15:29:00,-87.8411657,43.130907,179.772,14
1001.53,16.22,54.7,16.51,9/14/2023,15:29:01,-87.8411654,43.1308974,177.998,14
1001.73,16.22,54.7,16.49,9/14/2023,15:29:02,-87.8411605,43.1308834,176.085,14
1001.99,16.24,54.7,16.48,9/14/2023,15:29:03,-87.8411536,43.130874,174.964,14
1002.13,16.23,54.7,16.48,9/14/2023,15:29:04,-87.841149,43.1308747,174.127,14
1002.23,16.25,54.8,16.48,9/14/2023,15:29:05,-87.8411482,43.1308775,173.815,14
1002.22,16.33,54.9,16.47,9/14/2023,15:29:06,-87.8411453,43.1308747,173.228,13
1002.44,16.27,55,16.47,9/14/2023,15:29:07,-87.8411372,43.1308687,171.652,13
1002.41,16.31,55,16.48,9/14/2023,15:29:08,-87.8411367,43.1308699,171.226,14
1002.59,16.33,55,16.59,9/14/2023,15:29:09,-87.8411334,43.1308613,171.77,14
1002.54,16.4,54.8,16.7,9/14/2023,15:29:10,-87.8411229,43.1308279,172.214,15
1002.59,16.77,55.2,16.75,9/14/2023,15:29:11,-87.8411137,43.1307989,172.491,14
1002.57,16.95,55.6,16.83,9/14/2023,15:29:12,-87.8411117,43.1307918,172.684,14
1002.55,16.96,55.8,16.87,9/14/2023,15:29:13,-87.8411117,43.1307924,172.341,15
1002.72,16.95,55.9,16.89,9/14/2023,15:29:14,-87.8411127,43.1307942,172.425,15
1002.82,16.94,55.9,16.93,9/14/2023,15:29:15,-87.8411125,43.1307925,172.661,15
1002.85,16.81,55.7,16.91,9/14/2023,15:29:16,-87.8411102,43.1307895,172.239,15
1002.92,16.68,55.4,16.89,9/14/2023,15:29:17,-87.841111,43.1307909,172.045,15
1002.98,16.45,55.1,16.83,9/14/2023,15:29:18,-87.8411102,43.1307857,171.372,15
1003.02,16.51,55,16.81,9/14/2023,15:29:19,-87.8411097,43.1307852,171.207,15
1003.05,16.67,54.9,16.81,9/14/2023,15:29:20,-87.8411092,43.1307851,171.37,15
1002.96,16.53,54.8,16.81,9/14/2023,15:29:21,-87.8411085,43.1307849,171.228,15
1002.99,16.45,54.8,16.77,9/14/2023,15:29:22,-87.8411103,43.1307853,171.938,15
1002.94,16.37,54.7,16.7,9/14/2023,15:29:23,-87.8411137,43.1307852,172.939,15
1002.85,16.35,54.8,16.69,9/14/2023,15:29:24,-87.841116,43.1307869,173.983,15
1002.77,16.36,54.9,16.66,9/14/2023,15:29:25,-87.8411168,43.1307886,174.174,14
1002.64,16.34,55,16.66,9/14/2023,15:29:26,-87.8411202,43.1307969,174.834,15
1002.52,16.32,55,16.63,9/14/2023,15:29:27,-87.841123,43.130806,175.876,15
1002.45,16.33,55.1,16.62,9/14/2023,15:29:28,-87.8411251,43.1308122,176.911,15
1002.26,16.31,55.1,16.6,9/14/2023,15:29:29,-87.8411276,43.1308149,177.34,15
1002.2,16.31,55.2,16.58,9/14/2023,15:29:30,-87.8411273,43.1308207,178.295,15
1002,16.29,55.1,16.58,9/14/2023,15:29:30,-87.8411273,43.1308207,178.295,15
1002,16.29,55.1,16.58,9/14/2023,15:29:31,-87.8411285,43.1308288,179.871,15
1001.87,16.23,55.1,16.56,9/14/2023,15:29:32,-87.8411298,43.1308407,181.289,15
1001.75,16.22,55,16.54,9/14/2023,15:29:33,-87.8411309,43.130848,182.419,15
1001.58,16.22,55,16.51,9/14/2023,15:29:34,-87.8411272,43.1308512,183.169,15
1001.46,16.23,55.1,16.52,9/14/2023,15:29:35,-87.8411268,43.1308582,184.209,14
1001.33,16.22,55.1,16.49,9/14/2023,15:29:36,-87.8411248,43.1308628,185.199,15
1001.1,16.21,55,16.48,9/14/2023,15:29:37,-87.841124,43.1308676,186.332,15
1000.95,16.16,55,16.45,9/14/2023,15:29:38,-87.8411245,43.1308726,187.472,13
1000.78,16.14,55,16.44,9/14/2023,15:29:39,-87.841125,43.13087,188.569,15
1000.67,16.12,55,16.43,9/14/2023,15:29:40,-87.8411274,43.1308726,190.257,13
1000.42,16.1,55,16.43,9/14/2023,15:29:41,-87.8411361,43.1308768,191.646,15
1000.26,16.08,55.1,16.4,9/14/2023,15:29:42,-87.8411417,43.1308778,193.043,15
1000.05,16.06,55.1,16.38,9/14/2023,15:29:43,-87.841147,43.130881,195.084,15
999.9,16.05,55.1,16.37,9/14/2023,15:29:44,-87.8411489,43.1308878,196.664,14
999.71,16.05,55.2,16.36,9/14/2023,15:29:45,-87.8411553,43.1309011,199.029,15
999.55,16.04,55.3,16.34,9/14/2023,15:29:46,-87.8411597,43.1309082,200.648,12
999.4,16.05,55.4,16.34,9/14/2023,15:29:47,-87.8411612,43.1309164,201.811,12
999.23,16.02,55.4,16.33,9/14/2023,15:29:48,-87.841165,43.1309258,202.945,15
999.05,16,55.4,16.32,9/14/2023,15:29:49,-87.841172,43.1309322,203.697,15
998.9,15.99,55.5,16.3,9/14/2023,15:29:50,-87.8411761,43.1309416,205.107,14
998.74,15.98,55.4,16.29,9/14/2023,15:29:51,-87.841178,43.1309486,206.639,15
998.54,15.94,55.3,16.27,9/14/2023,15:29:52,-87.8411808,43.1309508,207.902,13
998.41,15.94,55.3,16.26,9/14/2023,15:29:53,-87.8411899,43.1309543,210.156,14
998.25,15.91,55.3,16.23,9/14/2023,15:29:54,-87.8412065,43.1309596,212.015,12
998.04,15.9,55.5,16.22,9/14/2023,15:29:55,-87.8412089,43.130971,213.203,14
997.9,15.86,55.6,16.21,9/14/2023,15:29:56,-87.8412195,43.1309783,214.15,13
997.75,15.85,55.7,16.19,9/14/2023,15:29:57,-87.8412272,43.1309807,215.709,13
997.61,15.85,55.8,16.17,9/14/2023,15:29:58,-87.841229,43.1309862,217.993,15
997.42,15.84,55.8,16.18,9/14/2023,15:29:59,-87.841228,43.1309881,219.274,14
997.25,15.83,55.6,16.14,9/14/2023,15:30:00,-87.841243,43.1309993,219.967,14
997.07,15.83,55.5,16.12,9/14/2023,15:30:01,-87.841255,43.1310147,222.703,13
996.95,15.83,55.5,16.11,9/14/2023,15:30:02,-87.8412592,43.1310241,225.136,13
996.8,15.82,55.4,16.1,9/14/2023,15:30:03,-87.8412639,43.1310291,227.143,12
996.6,15.78,55.5,16.1,9/14/2023,15:30:04,-87.8412613,43.1310358,228.85,10
996.47,15.78,55.5,16.08,9/14/2023,15:30:05,-87.8412538,43.1310405,230.22,13
996.3,15.77,55.6,16.07,9/14/2023,15:30:06,-87.8412502,43.1310448,231.848,11
996.15,15.75,55.6,16.06,9/14/2023,15:30:07,-87.8412445,43.1310431,233.505,11
996.03,15.74,55.8,16.03,9/14/2023,15:30:08,-87.8412403,43.1310492,234.688,11
995.85,15.71,55.8,16.03,9/14/2023,15:30:08,-87.8412403,43.1310492,234.688,11
995.85,15.71,55.8,16.03,9/14/2023,15:30:09,-87.8412395,43.1310502,235.899,11
995.68,15.7,55.8,16.01,9/14/2023,15:30:10,-87.8412434,43.1310628,237.485,12
995.51,15.7,55.7,16,9/14/2023,15:30:11,-87.8412452,43.1310668,240.104,13
995.4,15.69,55.7,16,9/14/2023,15:30:12,-87.8412442,43.1310702,241.537,10
995.19,15.68,55.7,15.99,9/14/2023,15:30:13,-87.8412548,43.1310811,243.81,13
995.07,15.67,55.7,15.96,9/14/2023,15:30:14,-87.8412579,43.1310916,246.148,11
994.91,15.66,55.7,15.95,9/14/2023,15:30:15,-87.8412543,43.1310903,247.5,14
994.76,15.65,55.7,15.96,9/14/2023,15:30:16,-87.8412549,43.1310943,249.1,9
994.57,15.65,55.7,15.93,9/14/2023,15:30:17,-87.8412598,43.1310893,250.773,11
994.48,15.61,55.8,15.92,9/14/2023,15:30:18,-87.8412705,43.1311018,253.361,10
994.29,15.6,55.8,15.91,9/14/2023,15:30:19,-87.8412694,43.13111,255.158,11
994.11,15.59,55.7,15.89,9/14/2023,15:30:20,-87.8412726,43.1311211,258.087,13
994.02,15.59,55.5,15.88,9/14/2023,15:30:21,-87.8412714,43.1311201,259.445,14
993.93,15.6,55.4,15.88,9/14/2023,15:30:22,-87.8412824,43.1311286,262.487,12
993.74,15.57,55.5,15.88,9/14/2023,15:30:23,-87.8412844,43.131152,264.389,12
993.64,15.57,55.6,15.86,9/14/2023,15:30:24,-87.8412775,43.1311584,265.472,12
993.42,15.53,55.7,15.85,9/14/2023,15:30:25,-87.8412741,43.1311662,267,12
993.26,15.52,55.9,15.84,9/14/2023,15:30:26,-87.8412787,43.1311821,268.137,13
993.17,15.52,55.9,15.84,9/14/2023,15:30:27,-87.8412841,43.1311804,269.653,10
993,15.49,56,15.81,9/14/2023,15:30:28,-87.8412978,43.1311984,272.039,13
992.93,15.51,56,15.8,9/14/2023,15:30:29,-87.8412935,43.1312021,274.202,12
992.8,15.48,56.2,15.8,9/14/2023,15:30:30,-87.8413025,43.1312116,275.987,11
992.7,15.49,56.3,15.8,9/14/2023,15:30:31,-87.8412974,43.1312089,276.981,11
992.75,15.49,56.4,15.77,9/14/2023,15:30:32,-87.8413011,43.1312121,277.531,12
992.76,15.48,56.5,15.75,9/14/2023,15:30:33,-87.8413143,43.1312328,278.784,15
992.75,15.47,56.5,15.75,9/14/2023,15:30:34,-87.8413103,43.131237,278.11,14
992.81,15.47,56.6,15.75,9/14/2023,15:30:35,-87.8413052,43.1312292,277.445,15
992.79,15.47,56.6,15.75,9/14/2023,15:30:36,-87.8413146,43.1312261,276.191,14
992.85,15.5,56.7,15.75,9/14/2023,15:30:37,-87.8413115,43.1312281,276.071,14
992.87,15.61,56.7,15.88,9/14/2023,15:30:38,-87.8413074,43.1312317,277.311,14
992.53,15.62,56.7,15.96,9/14/2023,15:30:39,-87.8413082,43.1312268,280.297,15
991.84,15.58,56.6,16.04,9/14/2023,15:30:40,-87.8413007,43.1312132,285.89,14
991.18,15.51,56.5,16.11,9/14/2023,15:30:41,-87.8412904,43.1311983,290.685,13
990.99,15.49,56.4,16.15,9/14/2023,15:30:42,-87.8412817,43.1311757,292.548,12
990.92,15.51,56.3,16.21,9/14/2023,15:30:43,-87.8412714,43.1311663,293.426,12
990.97,15.5,56.1,16.23,9/14/2023,15:30:44,-87.8412592,43.131154,293.467,12
991.04,15.5,56,16.26,9/14/2023,15:30:45,-87.8412493,43.131148,292.425,11
991.08,15.47,55.9,16.29,9/14/2023,15:30:46,-87.8412416,43.1311403,292.237,11
991.11,15.49,55.8,16.33,9/14/2023,15:30:47,-87.8412376,43.131142,292.891,10
991.14,15.48,55.6,16.34,9/14/2023,15:30:48,-87.8412381,43.1311331,292.167,11
991.31,15.46,55.5,16.36,9/14/2023,15:30:49,-87.8412277,43.1311164,290.025,12
991.51,15.48,55.4,16.38,9/14/2023,15:30:50,-87.8412254,43.1311164,289.571,11
991.61,15.48,55.3,16.4,9/14/2023,15:30:51,-87.8412089,43.1311039,287.572,12
991.85,15.51,55.2,16.4,9/14/2023,15:30:52,-87.8412079,43.1311001,286.852,11
992.35,15.53,55.1,16.48,9/14/2023,15:30:53,-87.8412099,43.1310892,282.931,12
992.85,15.71,55,16.54,9/14/2023,15:30:54,-87.8412389,43.1310974,279.048,12
993.6,15.8,54.9,16.56,9/14/2023,15:30:55,-87.8412428,43.1310988,274.916,11
993.95,15.75,54.9,16.55,9/14/2023,15:30:56,-87.8412275,43.1310912,270.907,11
993.91,15.77,54.9,16.58,9/14/2023,15:30:57,-87.8412295,43.1310771,269.794,12
993.88,15.74,54.9,16.62,9/14/2023,15:30:58,-87.8412365,43.131036,269.034,11
993.96,15.76,54.8,16.66,9/14/2023,15:30:59,-87.8412383,43.1309726,267.263,12
994.21,15.88,54.7,16.67,9/14/2023,15:31:00,-87.8412332,43.1309048,266.024,12
993.94,15.72,54.6,16.54,9/14/2023,15:31:01,-87.8411885,43.130837,260.528,14
994.04,15.7,54.5,16.54,9/14/2023,15:31:02,-87.8411914,43.1308359,260.404,11
994.14,15.78,54.5,16.58,9/14/2023,15:31:03,-87.8411993,43.1308416,260.193,10
994.15,15.77,54.5,16.58,9/14/2023,15:31:04,-87.8411988,43.1308383,259.173,11
994.18,15.77,54.4,16.6,9/14/2023,15:31:05,-87.8412042,43.1308371,258.056,10
994.17,15.76,54.3,16.6,9/14/2023,15:31:06,-87.841211,43.1308344,257.177,10
994.18,15.79,54.4,16.62,9/14/2023,15:31:07,-87.8412016,43.130829,256.261,10
994.46,15.75,54.3,16.66,9/14/2023,15:31:08,-87.8412177,43.1308393,254.578,11
995.08,15.92,54.2,16.75,9/14/2023,15:31:09,-87.8412298,43.1308411,250.326,11
995.73,16.01,54.4,16.77,9/14/2023,15:31:10,-87.8412346,43.1308366,246.764,11
996.07,16.05,54.4,16.79,9/14/2023,15:31:11,-87.8412481,43.1308326,240.641,10
996,15.99,54.5,16.82,9/14/2023,15:31:12,-87.8412315,43.1308123,235.786,14
996.04,15.98,54.6,16.85,9/14/2023,15:31:13,-87.8412198,43.1307902,231.237,13
996.08,15.99,54.6,16.87,9/14/2023,15:31:14,-87.8412296,43.1307732,225.834,11
996.24,16.05,54.5,16.9,9/14/2023,15:31:15,-87.8412188,43.1307638,225.002,12
996.91,16.13,54.5,16.94,9/14/2023,15:31:16,-87.8412117,43.1307666,224.294,14
997.42,16.19,54.4,16.97,9/14/2023,15:31:17,-87.8412224,43.1307704,221.881,14
997.63,16.17,54.4,16.97,9/14/2023,15:31:18,-87.8412221,43.1307671,218.508,14
998.24,16.21,54.4,16.97,9/14/2023,15:31:19,-87.8412326,43.1307609,214.368,14
998.18,16.17,54.4,17.01,9/14/2023,15:31:20,-87.8412371,43.1307585,213.246,14
998.17,16.13,54.2,17,9/14/2023,15:31:21,-87.841232,43.1307566,213.857,13
998.17,16,54.1,16.86,9/14/2023,15:31:22,-87.8412213,43.1307481,212.951,14
998.15,16.13,54.1,16.9,9/14/2023,15:31:23,-87.8412111,43.1307196,211.764,14
998.02,16.12,54.1,17,9/14/2023,15:31:24,-87.8411895,43.1306594,211.788,13
997.95,16.07,54.2,17.02,9/14/2023,15:31:25,-87.8411687,43.1305783,211.223,15
998.18,16.15,54.3,16.93,9/14/2023,15:31:26,-87.8411493,43.1305115,210.938,14
998.09,16.14,54.4,16.82,9/14/2023,15:31:27,-87.84112,43.130479,208.236,16
998.06,16.08,54.6,16.73,9/14/2023,15:31:28,-87.8411207,43.1304759,208.412,15
998.05,16.08,54.8,16.64,9/14/2023,15:31:29,-87.8411231,43.1304853,208.454,16
998.15,16.07,55,16.58,9/14/2023,15:31:30,-87.8411172,43.1304831,207.923,16
998.16,16.02,55.1,16.52,9/14/2023,15:31:31,-87.8411229,43.1304821,207.482,15
998.72,16.14,55.2,16.49,9/14/2023,15:31:32,-87.8411201,43.1304755,205.078,15
999.21,16.32,55.6,16.49,9/14/2023,15:31:33,-87.8411164,43.1304636,200.953,16
999.67,16.64,56,16.58,9/14/2023,15:31:34,-87.8411068,43.1304489,196.104,15
1000.02,16.63,56.2,16.62,9/14/2023,15:31:35,-87.8410978,43.1304299,193.925,16
1000.04,16.52,56.3,16.64,9/14/2023,15:31:36,-87.841091,43.1304095,193.195,14
1000.12,16.47,56.3,16.64,9/14/2023,15:31:37,-87.8410863,43.130392,193.357,15
1000.04,16.39,56.4,16.64,9/14/2023,15:31:38,-87.8410808,43.1303801,192.644,15
1000.22,16.39,56.5,16.63,9/14/2023,15:31:39,-87.8410804,43.1303753,191.438,16
1000.49,16.44,56.6,16.63,9/14/2023,15:31:40,-87.8410783,43.1303659,189.894,15
1000.75,16.37,56.3,16.6,9/14/2023,15:31:41,-87.8410719,43.1303605,187.915,16
1001.04,16.31,56.1,16.59,9/14/2023,15:31:42,-87.8410684,43.1303596,187.621,16
1001.13,16.35,55.9,16.67,9/14/2023,15:31:43,-87.8410486,43.1303599,187.812,14
1001.32,16.32,55.8,16.7,9/14/2023,15:31:44,-87.8410258,43.1303674,187.04,15
1001.05,16.37,56.1,16.66,9/14/2023,15:31:45,-87.8410093,43.1303743,186.948,16
1001.19,16.42,56.2,16.71,9/14/2023,15:31:46,-87.8410082,43.1303756,187.18,16
1001.22,16.47,56.1,16.81,9/14/2023,15:31:47,-87.8410071,43.1303753,186.815,16
1001.32,16.48,56,16.9,9/14/2023,15:31:48,-87.8410021,43.1303757,186.726,16
1001.31,16.42,55.8,16.97,9/14/2023,15:31:49,-87.8409867,43.1303895,187.706,15
1001.3,16.47,55.9,17.07,9/14/2023,15:31:50,-87.8409634,43.1304058,187.383,16
1001.57,16.58,55.8,17.17,9/14/2023,15:31:51,-87.8409515,43.1304112,185.512,15
1001.84,16.6,55.6,17.23,9/14/2023,15:31:52,-87.8409534,43.1304095,183.156,16
1002.1,16.63,55.4,17.28,9/14/2023,15:31:53,-87.8409434,43.1304102,181.405,16
1001.95,16.56,55.4,17.32,9/14/2023,15:31:54,-87.8409107,43.1304329,181.773,16
1002.16,16.59,55,17.39,9/14/2023,15:31:55,-87.8408892,43.1304491,180.942,16
1002.37,16.66,55.1,17.43,9/14/2023,15:31:56,-87.840891,43.1304487,179.824,16
1002.53,16.91,55.6,17.5,9/14/2023,15:31:57,-87.8408924,43.1304444,179.288,15
1002.64,16.95,55.6,17.58,9/14/2023,15:31:58,-87.8408912,43.1304419,178.575,14
1002.69,16.89,55.6,17.65,9/14/2023,15:31:59,-87.8408901,43.1304438,178.514,14
1002.68,16.83,55.1,17.65,9/14/2023,15:32:00,-87.8408896,43.1304479,178.682,14
1002.65,16.69,54.8,17.68,9/14/2023,15:32:01,-87.8408897,43.1304595,179.109,15
1002.61,16.83,54.8,17.72,9/14/2023,15:32:02,-87.8408882,43.1304661,178.553,15
1002.64,16.67,54.2,17.73,9/14/2023,15:32:03,-87.840886,43.1304674,178.609,13
1002.63,16.56,53.5,17.69,9/14/2023,15:32:04,-87.8408808,43.1304746,178.807,14
1002.64,16.46,53.1,17.69,9/14/2023,15:32:05,-87.8408754,43.1304772,178.575,14
1002.72,16.51,53,17.72,9/14/2023,15:32:06,-87.8408711,43.1304775,178.421,14
1002.67,16.83,53.4,17.76,9/14/2023,15:32:07,-87.8408635,43.1304749,177.13,14
1002.74,17.07,53.8,17.86,9/14/2023,15:32:08,-87.8408654,43.1304775,176.654,15
1002.77,16.92,53.4,17.88,9/14/2023,15:32:09,-87.8408616,43.1304779,176.629,14
1002.73,16.7,52.9,17.9,9/14/2023,15:32:10,-87.8408568,43.1304761,176.422,15
