UTC time, Altitude (m MSL), Altitude (m AGL), Pressure (Pascal), Speed (m/s), Heading (degrees), Temperature (C), Relative humidity (%), Internal temperature (C), Latitude, Longitude, Rise speed (m/s)
20:52:06, 184, 0, 99696,  ,  , 24.52, 61.00,  ,  ,  , 
20:52:07, 184, 0, 99692,  ,  , 24.55, 61.50,  ,  ,  , 
20:52:08, 184, 0, 99692,  ,  , 24.56, 61.95,  ,  ,  , 
20:52:09, 184, 0, 99692,  ,  , 24.57, 61.80,  ,  ,  , 
20:52:10, 184, 0, 99692,  ,  , 24.57, 61.50,  ,  ,  , 
20:52:11, 184, 0, 99692,  ,  , 24.58, 60.95,  ,  ,  , 
20:52:12, 184, 0, 99693,  ,  , 24.58, 60.70,  ,  ,  , 
20:52:13, 184, 0, 99694,  ,  , 24.58, 60.40, 26.5,  ,  , 
20:52:14, 184, 0, 99692,  ,  , 24.56, 59.90,  ,  ,  , 
20:52:15, 184, 0, 99691,  ,  , 24.55, 59.55,  ,  ,  , 
20:52:16, 184, 0, 99690,  ,  , 24.53, 59.45,  ,  ,  , 
20:52:17, 184, 0, 99690,  ,  , 24.52, 59.55,  ,  ,  , 
20:52:18, 184, 0, 99691,  ,  , 24.50, 59.55,  ,  ,  , 
20:52:19, 184, 0, 99692,  ,  , 24.48, 59.60,  ,  ,  , 0
20:52:20, 184, 0, 99691,  ,  , 24.47, 59.70,  ,  ,  , 0
20:52:21, 184, 0, 99690,  ,  , 24.48, 60.20,  ,  ,  , 0
20:52:22, 184, 0, 99690,  ,  , 24.48, 60.40,  ,  ,  , 0
20:52:22, 183, 0, 99699,  ,  , 24.51, 60.25,  ,  ,  , -0.1
20:52:23, 182, -1, 99710,  ,  , 24.56, 60.20,  ,  ,  , -0.1
20:52:24, 181, -2, 99722,  ,  , 24.65, 60.00,  ,  ,  , -0.2
20:52:25, 182, -1, 99719,  ,  , 24.75, 59.40,  ,  ,  , -0.2
20:52:26, 182, -1, 99716,  ,  , 24.83, 58.90,  ,  ,  , -0.2
20:52:27, 182, -1, 99714,  ,  , 24.91, 58.40,  ,  ,  , -0.2
20:52:28, 182, -1, 99714,  ,  , 24.98, 58.05,  ,  ,  , -0.2
20:52:29, 182, -1, 99714,  ,  , 25.06, 58.10,  ,  ,  , -0.2
20:52:30, 182, -1, 99714,  ,  , 25.13, 58.10,  ,  ,  , -0.2
20:52:31, 182, -1, 99710,  ,  , 25.20, 58.45,  ,  ,  , -0.1
20:52:32, 183, 0, 99706,  ,  , 25.25, 58.25,  ,  ,  , -0.1
20:52:33, 183, 0, 99702,  ,  , 25.30, 58.20,  ,  ,  , -0.1
20:52:34, 183, 0, 99703,  ,  , 25.36, 58.30,  ,  ,  , -0.1
20:52:35, 183, 0, 99704,  ,  , 25.43, 58.30,  ,  ,  , 0
20:52:36, 183, 0, 99706,  ,  , 25.52, 58.30,  ,  ,  , 0
20:52:37, 183, 0, 99704,  ,  , 25.61, 58.20,  ,  ,  , 0.1
20:52:38, 183, 0, 99702,  ,  , 25.72, 58.35,  ,  ,  , 0.1
20:52:39, 183, 0, 99700,  ,  , 25.80, 58.40, 28.0,  ,  , 0.1
20:52:40, 183, 0, 99701,  ,  , 25.88, 58.15,  ,  ,  , 0.1
20:52:41, 183, 0, 99703,  ,  , 25.97, 58.00,  ,  ,  , 0.1
20:52:42, 183, 0, 99706,  ,  , 26.05, 57.75,  ,  ,  , 0.1
20:52:43, 183, 0, 99707,  ,  , 26.05, 57.40,  ,  ,  , 0
20:52:44, 183, 0, 99708,  ,  , 26.09, 56.95,  ,  ,  , 0
20:52:45, 182, -1, 99710,  ,  , 26.17, 56.55,  ,  ,  , 0
20:52:46, 183, 0, 99706,  ,  , 26.19, 56.30,  ,  ,  , 0
20:52:47, 183, 0, 99701,  ,  , 26.19, 56.00,  ,  ,  , 0
20:52:48, 184, 0, 99696,  ,  , 26.20, 56.00,  ,  ,  , 0.1
20:52:49, 184, 0, 99697,  ,  , 26.22, 56.00,  ,  ,  , 0.1
20:52:50, 183, 0, 99698,  ,  , 26.22, 56.05,  ,  ,  , 0
20:52:51, 183, 0, 99700,  ,  , 26.22, 55.80,  ,  ,  , 0
20:52:52, 183, 0, 99700,  ,  , 26.19, 55.65,  ,  ,  , 0
20:52:53, 183, 0, 99700,  ,  , 26.19, 55.50,  ,  ,  , 0
20:52:54, 183, 0, 99700,  ,  , 26.19, 55.45,  ,  ,  , 0
20:52:55, 183, 0, 99700,  ,  , 26.17, 55.35,  ,  ,  , 0
20:52:56, 183, 0, 99700,  ,  , 26.18, 55.20,  ,  ,  , 0.1
20:52:57, 183, 0, 99700,  ,  , 26.17, 55.40,  ,  ,  , 0.1
20:52:57, 183, 0, 99700,  ,  , 26.16, 55.30,  ,  ,  , 0.1
20:52:58, 183, 0, 99700,  ,  , 26.15, 55.20,  ,  ,  , 0
20:52:59, 183, 0, 99700,  ,  , 26.17, 55.15,  ,  ,  , 0
20:53:00, 183, 0, 99703,  ,  , 26.18, 54.95,  ,  ,  , -0.1
20:53:01, 183, 0, 99707,  ,  , 26.19, 54.55,  ,  ,  , -0.1
20:53:02, 182, -1, 99712,  ,  , 26.11, 54.50,  ,  ,  , -0.1
20:53:03, 183, 0, 99707,  ,  , 26.05, 54.85,  ,  ,  , -0.1
20:53:04, 183, 0, 99702,  ,  , 26.02, 55.15,  ,  ,  , 0
20:53:05, 184, 0, 99698,  ,  , 25.91, 55.05, 29.5,  ,  , 0
20:53:06, 184, 0, 99696,  ,  , 25.81, 54.75,  ,  ,  , 0
20:53:07, 184, 0, 99695,  ,  , 25.74, 54.80,  ,  ,  , 0
20:53:08, 184, 0, 99694,  ,  , 25.67, 54.85,  ,  ,  , 0
20:53:09, 184, 0, 99697,  ,  , 25.66, 54.70,  ,  ,  , 0
20:53:10, 183, 0, 99702,  ,  , 25.69, 54.65,  ,  ,  , 0
20:53:11, 183, 0, 99708,  ,  , 25.63, 54.65,  ,  ,  , -0.1
20:53:12, 183, 0, 99704,  ,  , 25.58, 54.85,  ,  ,  , 0
20:53:13, 183, 0, 99701,  ,  , 25.53, 55.30,  ,  ,  , 0
20:53:14, 184, 0, 99698,  ,  , 25.48, 55.55,  ,  ,  , 0.1
20:53:15, 183, 0, 99698,  ,  , 25.44, 55.75,  ,  ,  , 0.1
20:53:16, 183, 0, 99699,  ,  , 25.42, 56.45,  ,  ,  , 0.1
20:53:17, 183, 0, 99700,  ,  , 25.39, 57.35,  ,  ,  , 0
20:53:18, 183, 0, 99698,  ,  , 25.37, 57.70,  ,  ,  , 0
20:53:19, 184, 0, 99697,  ,  , 25.35, 58.20,  ,  ,  , 0
20:53:20, 184, 0, 99696,  ,  , 25.34, 58.45,  ,  ,  , 0
20:53:21, 184, 0, 99694,  ,  , 25.35, 59.35,  ,  ,  , 0
20:53:22, 184, 0, 99692,  ,  , 25.37, 60.25,  ,  ,  , 0
20:53:23, 184, 0, 99690,  ,  , 25.39, 60.60,  ,  ,  , 0.1
20:53:24, 184, 0, 99691,  ,  , 25.41, 59.85,  ,  ,  , 0.1
20:53:25, 184, 0, 99692,  ,  , 25.46, 59.35,  ,  ,  , 0.1
20:53:26, 184, 0, 99694,  ,  , 25.50, 58.95,  ,  ,  , 0.1
20:53:27, 184, 0, 99691,  ,  , 25.51, 58.60,  ,  ,  , 0
20:53:28, 184, 0, 99688,  ,  , 25.52, 58.65,  ,  ,  , 0.1
20:53:29, 185, 1, 99686,  ,  , 25.52, 58.85,  ,  ,  , 0.1
20:53:29, 184, 0, 99690,  ,  , 25.54, 59.05,  ,  ,  , 0.1
20:53:30, 184, 0, 99695,  ,  , 25.59, 58.70,  ,  ,  , 0
20:53:31, 183, 0, 99700,  ,  , 25.66, 58.30, 30.5,  ,  , 0
20:53:32, 183, 0, 99700,  ,  , 25.75, 57.85,  ,  ,  , 0
20:53:33, 183, 0, 99701,  ,  , 25.88, 57.50,  ,  ,  , -0.1
20:53:34, 183, 0, 99702,  ,  , 26.00, 57.40,  ,  ,  , -0.1
20:53:35, 183, 0, 99699,  ,  , 26.06, 57.15,  ,  ,  , -0.1
20:53:36, 184, 0, 99696,  ,  , 26.19, 56.75,  ,  ,  , 0
20:53:37, 184, 0, 99694,  ,  , 26.26, 56.40,  ,  ,  , 0
20:53:38, 183, 0, 99699,  ,  , 26.32, 56.05,  ,  ,  , 0
20:53:39, 183, 0, 99705,  ,  , 26.35, 55.85,  ,  ,  , -0.1
20:53:40, 182, -1, 99712,  ,  , 26.34, 55.20,  ,  ,  , -0.2
20:53:41, 182, -1, 99714,  ,  , 26.34, 54.60,  ,  ,  , -0.2
20:53:42, 182, -1, 99717,  ,  , 26.33, 54.10,  ,  ,  , -0.2
20:53:43, 182, -1, 99720,  ,  , 26.30, 53.85,  ,  ,  , -0.2
20:53:44, 182, -1, 99710,  ,  , 26.29, 53.75,  ,  ,  , -0.1
20:53:45, 183, 0, 99701,  ,  , 26.29, 54.40,  ,  ,  , 0
20:53:46, 184, 0, 99692,  ,  , 26.33, 55.65,  ,  ,  , 0.1
20:53:47, 184, 0, 99691,  ,  , 26.37, 56.50,  ,  ,  , 0.1
20:53:48, 184, 0, 99690,  ,  , 26.39, 56.35,  ,  ,  , 0.1
20:53:49, 184, 0, 99690,  ,  , 26.40, 56.35,  ,  ,  , 0
20:53:50, 184, 0, 99690,  ,  , 26.41, 56.70,  ,  ,  , 0
20:53:51, 184, 0, 99690,  ,  , 26.40, 56.45,  ,  ,  , 0.1
20:53:52, 184, 0, 99690,  ,  , 26.38, 56.10,  ,  ,  , 0.1
20:53:53, 184, 0, 99690,  ,  , 26.34, 56.25,  ,  ,  , 0.1
20:53:54, 184, 0, 99691,  ,  , 26.32, 56.25,  ,  ,  , 0.2
20:53:55, 184, 0, 99692,  ,  , 26.29, 56.35,  ,  ,  , 0.2
20:53:56, 184, 0, 99692,  ,  , 26.26, 56.40,  ,  ,  , 0.2
20:53:57, 184, 0, 99692,  ,  , 26.22, 56.55,  ,  ,  , 0.1
20:53:58, 184, 0, 99692,  ,  , 26.16, 56.60, 33.0,  ,  , 0.1
20:53:59, 184, 0, 99692,  ,  , 26.11, 57.05,  ,  ,  , 0
20:54:00, 184, 0, 99692,  ,  , 26.06, 57.05,  ,  ,  , 0
20:54:01, 184, 0, 99692,  ,  , 26.05, 57.00,  ,  ,  , 0
20:54:02, 184, 0, 99691,  ,  , 25.99, 56.95,  ,  ,  , 0
20:54:03, 184, 0, 99690,  ,  , 25.91, 56.45,  ,  ,  , 0
20:54:04, 184, 0, 99690,  ,  , 25.85, 56.40,  ,  ,  , 0
20:54:04, 184, 0, 99690,  ,  , 25.79, 56.85,  ,  ,  , 0
20:54:05, 184, 0, 99690,  ,  , 25.73, 57.15,  ,  ,  , 0
20:54:06, 184, 0, 99690,  ,  , 25.68, 57.65,  ,  ,  , 0
20:54:08, 183, 0, 99699, 0.20, 345.10, 25.61, 57.90,  ,  ,  , -0.1
20:54:09, 183, 0, 99704, 0.35, 56.80, 25.61, 57.45,  , 43.022943, -87.860347, -0.1
20:54:11, 183, 0, 99698, 0.15, 56.80, 25.59, 56.95,  ,  ,  , 0
20:54:12, 184, 0, 99696, 0.35, 23.10, 25.61, 56.85,  , 43.022950, -87.860343, 0
20:54:15, 184, 0, 99688, 0.30, 30.40, 25.50, 57.05,  , 43.022962, -87.860345, 0
20:54:18, 185, 1, 99682, 0.15, 30.40, 25.42, 57.95,  , 43.022965, -87.860343, 0.1
20:54:21, 185, 1, 99684, 0.20, 30.40, 25.32, 58.60,  , 43.022972, -87.860342, 0.1
20:54:23, 184, 0, 99694, 0.15, 30.40, 25.28, 58.45,  ,  ,  , 0.1
20:54:24, 183, 0, 99700, 0.30, 172.10, 25.21, 58.10, 34.0, 43.022967, -87.860342, 0
20:54:28, 184, 0, 99692, 0.55, 63.80, 24.94, 56.60,  , 43.022925, -87.860327, 0
20:54:30, 184, 0, 99697, 1.60, 228.30, 24.72, 56.80,  ,  ,  , -0.1
20:54:31, 183, 0, 99700, 0.30, 228.30, 24.67, 56.70,  , 43.022973, -87.860300, -0.1
20:54:33, 184, 0, 99691, 0.15, 243.90, 24.62, 56.80,  ,  ,  , -0.1
20:54:34, 184, 0, 99688, 0.45, 292.40, 24.60, 56.90,  , 43.022917, -87.860358, 0
20:54:36, 185, 1, 99682, 1.05, 232.20, 24.55, 57.75,  ,  ,  , 0.1
20:54:37, 185, 1, 99680, 0.05, 232.20, 24.50, 58.25,  , 43.022972, -87.860285, 0.1
20:54:39, 185, 1, 99680, 0.30, 326.10, 24.35, 58.15,  ,  ,  , 0.1
20:54:40, 185, 1, 99680, 0.30, 315.10, 24.19, 58.05,  , 43.022980, -87.860290, 0.1
20:54:41, 185, 1, 99681, 0.30, 315.10, 24.06, 58.00,  ,  ,  , 0.1
20:54:42, 185, 1, 99682, 0.15, 315.10, 23.93, 58.00,  ,  ,  , 0.1
20:54:43, 185, 1, 99684, 0.15, 315.10, 23.82, 58.10,  , 43.022982, -87.860292, 0.1
20:54:44, 185, 1, 99681, 0.15, 315.10, 23.74, 58.35,  ,  ,  , 0.1
20:54:45, 185, 1, 99679, 0.10, 315.10, 23.65, 58.70,  ,  ,  , 0.1
20:54:46, 185, 1, 99678, 0.10, 315.10, 23.58, 59.00,  , 43.022975, -87.860300, 0.1
20:54:47, 185, 1, 99678, 0.05, 315.10, 23.51, 59.30,  ,  ,  , 0.1
20:54:48, 185, 1, 99679, 0.05, 315.10, 23.47, 59.65,  ,  ,  , 0
20:54:49, 185, 1, 99680, 0.05, 315.10, 23.44, 60.05,  , 43.022972, -87.860305, 0
20:54:50, 185, 1, 99681, 0.05, 315.10, 23.41, 60.40,  ,  ,  , 0
20:54:51, 185, 1, 99683, 0.10, 315.10, 23.37, 60.65,  ,  ,  , 0
20:54:52, 185, 1, 99686, 0.10, 315.10, 23.27, 60.70, 34.0, 43.022967, -87.860310, 0
20:54:53, 185, 1, 99685, 0.15, 315.10, 23.13, 60.65,  ,  ,  , 0
20:54:54, 185, 1, 99684, 0.15, 315.10, 22.94, 60.60,  ,  ,  , 0
20:54:55, 185, 1, 99684, 0.15, 315.10, 22.79, 60.65,  , 43.022970, -87.860315, 0
20:54:56, 185, 1, 99684, 0.10, 315.10, 22.68, 60.95,  ,  ,  , 0
20:54:57, 185, 1, 99684, 0.05, 315.10, 22.56, 61.30,  ,  ,  , 0
20:54:58, 185, 1, 99684, 0.05, 315.10, 22.45, 61.60,  , 43.022970, -87.860315, 0
20:55:00, 185, 1, 99682, 0.10, 315.10, 22.30, 62.20,  ,  ,  , 0
20:55:01, 185, 1, 99682, 0.20, 315.10, 22.21, 62.55,  , 43.022963, -87.860330, 0
20:55:02, 185, 1, 99681, 0.15, 315.10, 22.14, 62.90,  ,  ,  , 0
20:55:03, 185, 1, 99680, 0.15, 315.10, 22.09, 63.30,  ,  ,  , 0
20:55:04, 185, 1, 99680, 0.10, 315.10, 22.02, 63.70,  , 43.022962, -87.860338, 0
20:55:06, 185, 1, 99680, 0.05, 315.10, 21.87, 64.15,  ,  ,  , 0
20:55:07, 185, 1, 99680, 0.05, 315.10, 21.80, 64.35,  , 43.022960, -87.860347, 0
20:55:08, 185, 1, 99680, 0.05, 315.10, 21.75, 64.65,  ,  ,  , 0
20:55:09, 185, 1, 99681, 0.25, 315.10, 21.71, 65.10,  ,  ,  , 0
20:55:10, 185, 1, 99682, 0.25, 315.10, 21.69, 65.45,  , 43.022955, -87.860352, 0
20:55:11, 185, 1, 99683, 0.20, 315.10, 21.67, 65.65,  ,  ,  , 0
20:55:12, 185, 1, 99684, 0.20, 315.10, 21.65, 66.00,  ,  ,  , 0
20:55:13, 185, 1, 99686, 0.10, 315.10, 21.61, 66.20,  , 43.022957, -87.860350, 0
20:55:14, 185, 1, 99684, 0.05, 315.10, 21.58, 66.40,  ,  ,  , 0
20:55:15, 185, 1, 99683, 0.05, 315.10, 21.56, 66.75,  ,  ,  , 0
20:55:16, 185, 1, 99682, 0.05, 315.10, 21.55, 67.10,  , 43.022957, -87.860352, 0
20:55:17, 185, 1, 99681, 0.05, 315.10, 21.55, 67.40,  ,  ,  , 0
20:55:18, 185, 1, 99680, 0.05, 315.10, 21.55, 67.90,  ,  ,  , 0
20:55:19, 185, 1, 99680, 0.05, 315.10, 21.55, 68.20, 33.2, 43.022963, -87.860352, 0
20:55:20, 185, 1, 99681, 0.05, 315.10, 21.54, 68.30,  ,  ,  , 0
20:55:21, 185, 1, 99682, 0.05, 315.10, 21.53, 68.30,  ,  ,  , 0
20:55:22, 185, 1, 99684, 0.05, 315.10, 21.51, 68.35,  , 43.022963, -87.860345, 0
20:55:23, 185, 1, 99683, 0.05, 315.10, 21.47, 68.35,  ,  ,  , 0
20:55:24, 185, 1, 99682, 0.10, 315.10, 21.44, 68.70,  ,  ,  , 0
20:55:25, 185, 1, 99682, 0.10, 315.10, 21.42, 68.85,  , 43.022962, -87.860350, 0
20:55:27, 185, 1, 99682, 0.15, 315.10, 21.37, 68.95,  ,  ,  , 0
20:55:28, 185, 1, 99682, 0.15, 315.10, 21.38, 69.00,  , 43.022955, -87.860358, 0
20:55:29, 185, 1, 99683, 0.15, 315.10, 21.39, 69.10,  ,  ,  , 0
20:55:30, 185, 1, 99684, 0.15, 315.10, 21.42, 69.25,  ,  ,  , 0
20:55:31, 185, 1, 99686, 0.15, 315.10, 21.44, 69.30,  , 43.022955, -87.860362, 0
20:55:32, 185, 1, 99684, 0.15, 315.10, 21.44, 69.30,  ,  ,  , 0
20:55:33, 185, 1, 99683, 0.15, 315.10, 21.44, 69.25,  ,  ,  , 0
20:55:34, 185, 1, 99682, 0.15, 315.10, 21.45, 69.10,  , 43.022963, -87.860362, 0
20:55:35, 185, 1, 99685, 0.15, 315.10, 21.47, 69.00,  ,  ,  , 0
20:55:36, 184, 0, 99689, 0.30, 355.50, 21.53, 68.95,  ,  ,  , -0.1
20:55:37, 184, 0, 99694, 0.30, 355.50, 21.59, 69.05,  , 43.022977, -87.860367, -0.1
20:55:38, 184, 0, 99697, 0.30, 355.50, 21.67, 69.05,  ,  ,  , -0.1
20:55:39, 183, 0, 99700, 0.30, 355.50, 21.77, 68.85,  ,  ,  , -0.1
20:55:40, 183, 0, 99704, 0.15, 355.50, 21.89, 68.90,  , 43.022988, -87.860368, -0.2
20:55:41, 183, 0, 99704, 0.35, 312.00, 22.06, 69.05,  ,  ,  , -0.1
20:55:42, 183, 0, 99704, 0.60, 309.50, 22.24, 69.00,  ,  ,  , -0.1
20:55:43, 183, 0, 99704, 0.75, 304.20, 22.42, 68.80,  , 43.022995, -87.860378, -0.1
20:55:45, 183, 0, 99698, 1.15, 25.60, 22.78, 68.30,  ,  ,  , -0.1
20:55:46, 184, 0, 99696, 1.80, 306.50, 22.95, 68.00, 34.0, 43.023005, -87.860372, -0.1
20:55:47, 184, 0, 99694, 2.65, 39.30, 23.13, 67.65,  ,  ,  , -0.1
20:55:48, 184, 0, 99693, 2.55, 357.40, 23.27, 67.50,  ,  ,  , -0.1
20:55:49, 184, 0, 99692, 2.80, 49.60, 23.42, 67.05,  , 43.023052, -87.860340, 0
20:55:50, 184, 0, 99694, 2.10, 8.00, 23.53, 66.70,  ,  ,  , 0
20:55:51, 184, 0, 99697, 1.70, 32.90, 23.66, 66.25,  ,  ,  , 0
20:55:52, 183, 0, 99700, 2.00, 52.50, 23.77, 65.85,  , 43.023065, -87.860322, 0
20:55:54, 184, 0, 99693, 2.05, 41.40, 23.94, 65.05,  ,  ,  , 0.1
20:55:55, 184, 0, 99690, 1.40, 14.40, 24.02, 64.70,  , 43.023073, -87.860320, 0.1
20:55:58, 184, 0, 99692, 1.40, 42.00, 24.13, 63.45,  , 43.023088, -87.860325, 0
20:56:01, 184, 0, 99688, 0.30, 20.90, 24.19, 63.50,  , 43.023083, -87.860333, 0
20:56:03, 183, 0, 99700, 0.60, 266.90, 24.22, 62.85,  ,  ,  , 0
20:56:04, 183, 0, 99706, 0.50, 338.50, 24.25, 62.95,  , 43.023082, -87.860358, 0
20:56:06, 184, 0, 99695, 0.25, 338.50, 24.26, 63.05,  ,  ,  , 0
20:56:07, 184, 0, 99690, 0.15, 338.50, 24.27, 62.75,  , 43.023075, -87.860373, 0
20:56:09, 184, 0, 99695, 0.25, 338.50, 24.32, 62.70,  ,  ,  , 0
20:56:10, 184, 0, 99698, 0.25, 338.50, 24.30, 62.75,  , 43.023075, -87.860380, 0
20:56:12, 182, -1, 99711, 0.60, 220.10, 24.07, 61.85,  ,  ,  , -0.1
20:56:13, 182, -1, 99718, 2.05, 257.70, 23.58, 61.10, 34.2, 43.023065, -87.860417, -0.2
20:56:15, 187, 3, 99660, 0.45, 191.20, 22.89, 60.60,  ,  ,  , 0.2
20:56:16, 189, 5, 99632, 0.85, 305.50, 22.54, 60.85,  , 43.023042, -87.860432, 0.5
20:56:17, 191, 7, 99611, 1.00, 174.80, 22.23, 61.30,  ,  ,  , 0.6
20:56:18, 193, 9, 99589, 1.50, 214.80, 21.91, 61.80,  ,  ,  , 0.7
20:56:19, 195, 11, 99568, 1.50, 247.10, 21.40, 62.40,  , 43.023013, -87.860462, 0.9
20:56:20, 197, 13, 99546, 2.10, 32.10, 20.99, 63.15,  ,  ,  , 1.0
20:56:21, 199, 15, 99526, 2.90, 94.50, 20.55, 64.00,  ,  ,  , 1.2
20:56:22, 200, 16, 99506, 2.15, 102.90, 20.21, 64.95,  , 43.023010, -87.860415, 1.4
20:56:23, 203, 19, 99480, 2.05, 17.80, 19.92, 65.95,  ,  ,  , 1.5
20:56:24, 205, 21, 99453, 1.80, 62.80, 19.67, 66.90,  ,  ,  , 1.5
20:56:25, 207, 23, 99426, 2.35, 100.20, 19.40, 67.90,  , 43.023002, -87.860412, 1.9
20:56:27, 211, 27, 99378, 2.35, 6.10, 19.00, 69.80,  ,  ,  , 2.1
20:56:28, 213, 29, 99356, 1.80, 317.60, 18.85, 70.80,  , 43.022998, -87.860443, 2.0
20:56:29, 215, 31, 99332, 1.85, 317.10, 18.68, 71.75,  ,  ,  , 2.0
20:56:30, 218, 34, 99308, 2.35, 335.80, 18.53, 72.75,  ,  ,  , 2.0
20:56:31, 220, 36, 99284, 1.05, 324.00, 18.44, 73.65,  , 43.023022, -87.860513, 2.1
20:56:32, 221, 37, 99263, 1.95, 259.90, 18.38, 74.50,  ,  ,  , 2.0
20:56:33, 223, 39, 99242, 1.05, 8.50, 18.31, 75.20,  ,  ,  , 2.0
20:56:34, 225, 41, 99222, 0.60, 118.00, 18.27, 75.75,  , 43.022998, -87.860570, 2.0
20:56:35, 227, 43, 99198, 1.05, 241.90, 18.30, 76.15,  ,  ,  , 2.0
20:56:36, 229, 45, 99174, 2.85, 276.10, 18.27, 76.60,  ,  ,  , 2.0
20:56:37, 231, 47, 99150, 2.10, 276.80, 18.25, 76.90,  , 43.022987, -87.860650, 2.0
20:56:38, 234, 50, 99121, 2.40, 263.70, 18.20, 77.15,  ,  ,  , 2.0
20:56:39, 236, 52, 99093, 2.30, 258.50, 18.20, 77.35,  ,  ,  , 2.1
20:56:40, 239, 55, 99066, 2.85, 281.30, 18.18, 77.50, 34.8, 43.022985, -87.860737, 2.1
20:56:41, 240, 56, 99044, 2.80, 260.00, 18.14, 77.60,  ,  ,  , 2.1
20:56:42, 242, 58, 99023, 2.45, 278.60, 18.12, 77.80,  ,  ,  , 2.1
20:56:43, 244, 60, 99002, 2.10, 309.00, 18.05, 77.95,  , 43.022987, -87.860827, 2.1
20:56:44, 246, 62, 98981, 2.20, 287.20, 18.12, 78.10,  ,  ,  , 2.0
20:56:45, 248, 64, 98961, 3.85, 266.00, 18.11, 78.25,  ,  ,  , 2.0
20:56:46, 249, 65, 98942, 4.05, 291.90, 18.11, 78.30,  , 43.023010, -87.860923, 2.0
20:56:47, 251, 67, 98918, 3.25, 289.00, 18.13, 78.40,  ,  ,  , 2.0
20:56:48, 253, 69, 98895, 3.20, 281.30, 18.20, 78.55,  ,  ,  , 2.0
20:56:49, 256, 72, 98872, 3.50, 269.60, 18.24, 78.60,  , 43.023027, -87.861037, 2.0
20:56:50, 258, 74, 98847, 3.15, 296.20, 18.29, 78.65,  ,  ,  , 2.0
20:56:51, 260, 76, 98824, 4.05, 276.00, 18.36, 78.70,  ,  ,  , 1.9
20:56:52, 262, 78, 98802, 4.60, 276.20, 18.44, 78.65,  , 43.023050, -87.861160, 1.9
20:56:53, 263, 79, 98781, 4.95, 281.40, 18.51, 78.65,  ,  ,  , 1.9
20:56:54, 265, 81, 98760, 4.35, 266.40, 18.61, 78.60,  ,  ,  , 1.9
20:56:55, 267, 83, 98740, 4.10, 269.60, 18.77, 78.60,  , 43.023055, -87.861322, 1.9
20:56:57, 271, 87, 98694, 4.40, 274.50, 19.14, 78.50,  ,  ,  , 1.9
20:56:58, 273, 89, 98672, 4.20, 262.10, 19.34, 78.40,  , 43.023057, -87.861487, 2.0
20:56:59, 275, 91, 98649, 4.35, 279.30, 19.54, 78.15,  ,  ,  , 1.9
20:57:00, 277, 93, 98628, 5.05, 276.90, 19.77, 77.80,  ,  ,  , 1.9
20:57:01, 279, 95, 98608, 4.80, 272.80, 19.99, 77.20,  , 43.023068, -87.861645, 1.9
20:57:02, 280, 96, 98587, 4.20, 281.20, 20.20, 76.45,  ,  ,  , 1.9
20:57:03, 282, 98, 98566, 4.40, 274.60, 20.46, 75.55,  ,  ,  , 1.9
20:57:04, 284, 100, 98546, 5.60, 278.80, 20.64, 74.75,  , 43.023090, -87.861800, 1.9
20:57:05, 287, 103, 98514, 5.50, 272.30, 20.84, 73.95,  ,  ,  , 1.9
20:57:06, 290, 106, 98482, 4.25, 279.40, 21.02, 73.10,  ,  ,  , 2.0
20:57:07, 293, 109, 98450, 5.30, 281.70, 21.26, 72.35, 34.8, 43.023115, -87.861955, 2.1
20:57:08, 295, 111, 98427, 6.65, 274.30, 21.44, 71.55,  ,  ,  , 2.1
20:57:09, 296, 112, 98406, 5.30, 279.00, 21.59, 70.80,  ,  ,  , 2.1
20:57:10, 298, 114, 98386, 4.00, 283.50, 21.79, 70.05,  , 43.023153, -87.862120, 2.1
20:57:11, 300, 116, 98367, 5.75, 278.70, 21.97, 69.30,  ,  ,  , 2.1
20:57:12, 302, 118, 98347, 6.05, 292.60, 22.12, 68.55,  ,  ,  , 2.1
20:57:13, 303, 119, 98328, 4.15, 289.30, 22.26, 67.80,  , 43.023205, -87.862280, 2.1
20:57:14, 305, 121, 98308, 4.65, 280.30, 22.43, 67.10,  ,  ,  , 2.1
20:57:15, 307, 123, 98288, 5.60, 292.50, 22.56, 66.40,  ,  ,  , 2.0
20:57:16, 309, 125, 98268, 6.05, 301.10, 22.68, 65.70,  , 43.023285, -87.862413, 2.0
20:57:17, 310, 126, 98250, 5.30, 301.30, 22.79, 65.05,  ,  ,  , 1.9
20:57:18, 312, 128, 98234, 3.45, 286.00, 22.95, 64.40,  ,  ,  , 1.8
20:57:19, 313, 129, 98218, 5.25, 304.90, 23.05, 63.80,  , 43.023360, -87.862542, 1.7
20:57:20, 315, 131, 98200, 6.05, 303.10, 23.15, 63.25,  ,  ,  , 1.7
20:57:21, 316, 132, 98182, 5.15, 300.70, 23.27, 62.70,  ,  ,  , 1.7
20:57:22, 318, 134, 98164, 4.75, 306.80, 23.32, 62.20,  , 43.023450, -87.862688, 1.7
20:57:23, 320, 136, 98139, 5.20, 306.50, 23.41, 61.75,  ,  ,  , 1.7
20:57:24, 322, 138, 98116, 5.20, 303.40, 23.50, 61.30,  ,  ,  , 1.7
20:57:25, 324, 140, 98094, 4.80, 307.10, 23.60, 60.90,  , 43.023530, -87.862827, 1.7
20:57:27, 328, 144, 98055, 5.10, 294.60, 23.75, 60.10,  ,  ,  , 1.7
20:57:28, 330, 146, 98036, 5.20, 305.10, 23.82, 59.70,  , 43.023603, -87.862980, 1.7
20:57:29, 331, 147, 98017, 5.75, 313.90, 23.89, 59.30,  ,  ,  , 1.7
20:57:30, 333, 149, 98000, 5.15, 299.70, 23.95, 58.95,  ,  ,  , 1.7
20:57:31, 334, 150, 97984, 4.60, 301.60, 23.99, 58.65,  , 43.023678, -87.863133, 1.7
20:57:32, 336, 152, 97968, 5.30, 322.20, 24.02, 58.35,  ,  ,  , 1.7
20:57:33, 337, 153, 97953, 5.90, 306.30, 24.07, 58.10,  ,  ,  , 1.7
20:57:34, 338, 154, 97938, 5.40, 299.20, 24.09, 57.90, 35.5, 43.023762, -87.863287, 1.7
20:57:35, 340, 156, 97917, 4.45, 311.60, 24.10, 57.70,  ,  ,  , 1.7
20:57:36, 342, 158, 97896, 5.65, 309.10, 24.16, 57.55,  ,  ,  , 1.7
20:57:37, 344, 160, 97876, 6.10, 300.10, 24.19, 57.40,  , 43.023845, -87.863440, 1.7
20:57:38, 346, 162, 97853, 4.80, 302.90, 24.19, 57.20,  ,  ,  , 1.7
20:57:39, 348, 164, 97831, 5.35, 310.00, 24.21, 57.00,  ,  ,  , 1.7
20:57:40, 350, 166, 97810, 6.55, 303.80, 24.28, 56.80,  , 43.023933, -87.863595, 1.7
20:57:41, 351, 167, 97791, 5.70, 297.00, 24.32, 56.70,  ,  ,  , 1.7
20:57:42, 353, 169, 97771, 4.95, 308.10, 24.33, 56.55,  ,  ,  , 1.7
20:57:43, 355, 171, 97752, 5.85, 308.60, 24.40, 56.40,  , 43.024012, -87.863767, 1.7
20:57:44, 356, 172, 97735, 6.60, 296.50, 24.43, 56.30,  ,  ,  , 1.7
20:57:45, 358, 174, 97719, 5.80, 304.40, 24.45, 56.15,  ,  ,  , 1.7
20:57:46, 359, 175, 97704, 5.70, 310.60, 24.45, 55.95,  , 43.024097, -87.863952, 1.7
20:57:47, 361, 177, 97686, 4.80, 301.30, 24.48, 55.75,  ,  ,  , 1.7
20:57:48, 362, 178, 97669, 5.70, 304.30, 24.51, 55.50,  ,  ,  , 1.7
20:57:49, 364, 180, 97652, 5.55, 308.60, 24.54, 55.20,  , 43.024172, -87.864108, 1.7
20:57:50, 366, 182, 97633, 4.60, 310.90, 24.54, 54.75,  ,  ,  , 1.7
20:57:51, 367, 183, 97614, 5.40, 312.10, 24.53, 54.35,  ,  ,  , 1.7
20:57:52, 369, 185, 97596, 6.15, 310.30, 24.55, 53.95,  , 43.024255, -87.864268, 1.6
20:57:53, 371, 187, 97578, 5.80, 301.30, 24.58, 53.40,  ,  ,  , 1.6
20:57:54, 372, 188, 97561, 4.75, 315.40, 24.60, 52.90,  ,  ,  , 1.6
20:57:55, 374, 190, 97544, 5.75, 313.00, 24.61, 52.55,  , 43.024332, -87.864450, 1.6
20:57:57, 377, 193, 97511, 5.00, 305.10, 24.72, 51.95,  ,  ,  , 1.6
20:57:58, 378, 194, 97496, 5.70, 304.10, 24.75, 51.60,  , 43.024403, -87.864640, 1.6
20:57:59, 379, 195, 97481, 6.85, 297.70, 24.76, 51.25,  ,  ,  , 1.5
20:58:00, 381, 197, 97465, 4.40, 298.70, 24.78, 50.90,  ,  ,  , 1.5
20:58:01, 382, 198, 97450, 4.40, 310.30, 24.80, 50.55, 36.5, 43.024468, -87.864838, 1.5
20:58:02, 384, 200, 97432, 6.15, 307.60, 24.81, 50.50,  ,  ,  , 1.5
20:58:03, 386, 202, 97414, 4.55, 298.10, 24.83, 50.40,  ,  ,  , 1.5
20:58:04, 387, 203, 97396, 4.20, 298.40, 24.81, 50.25,  , 43.024523, -87.865020, 1.5
20:58:05, 389, 205, 97374, 5.50, 306.10, 24.79, 50.15,  ,  ,  , 1.5
20:58:06, 391, 207, 97353, 5.50, 303.00, 24.81, 49.95,  ,  ,  , 1.6
20:58:07, 393, 209, 97332, 4.60, 302.30, 24.85, 49.75,  , 43.024585, -87.865207, 1.6
20:58:08, 395, 211, 97313, 5.30, 308.50, 24.86, 49.45,  ,  ,  , 1.6
20:58:09, 396, 212, 97294, 5.45, 296.90, 24.85, 49.25,  ,  ,  , 1.6
20:58:10, 398, 214, 97276, 5.95, 300.60, 24.85, 49.20,  , 43.024648, -87.865410, 1.6
20:58:11, 399, 215, 97262, 5.25, 311.20, 24.87, 49.15,  ,  ,  , 1.6
20:58:12, 400, 216, 97249, 5.05, 304.90, 24.96, 49.05,  ,  ,  , 1.6
20:58:13, 402, 218, 97236, 5.40, 299.80, 24.97, 48.90,  , 43.024715, -87.865605, 1.6
20:58:14, 404, 220, 97214, 4.90, 314.00, 24.99, 48.70,  ,  ,  , 1.6
20:58:15, 406, 222, 97192, 6.70, 305.30, 25.02, 48.65,  ,  ,  , 1.7
20:58:16, 408, 224, 97170, 5.10, 296.30, 25.06, 48.65,  , 43.024778, -87.865818, 1.7
20:58:17, 409, 225, 97151, 4.40, 306.90, 25.06, 48.70,  ,  ,  , 1.7
20:58:18, 411, 227, 97132, 6.00, 312.10, 25.04, 48.75,  ,  ,  , 1.7
20:58:19, 413, 229, 97114, 5.60, 308.30, 25.01, 48.70,  , 43.024852, -87.866003, 1.7
20:58:20, 414, 230, 97096, 4.30, 308.20, 25.08, 48.55,  ,  ,  , 1.7
20:58:21, 416, 232, 97078, 4.30, 308.20, 25.09, 48.25,  ,  ,  , 1.6
20:58:22, 418, 234, 97060, 5.85, 308.00, 25.08, 48.10,  , 43.024927, -87.866177, 1.6
20:58:24, 421, 237, 97026, 6.10, 315.60, 25.09, 48.35,  ,  ,  , 1.6
20:58:25, 422, 238, 97010, 6.10, 309.30, 25.09, 48.75,  , 43.025003, -87.866378, 1.7
20:58:28, 427, 243, 96952, 6.55, 305.90, 25.11, 49.55, 36.8, 43.025083, -87.866578, 1.7
20:58:30, 431, 247, 96915, 5.25, 314.60, 25.07, 49.65,  ,  ,  , 1.6
20:58:31, 432, 248, 96898, 5.90, 308.50, 25.05, 49.70,  , 43.025170, -87.866775, 1.6
20:58:33, 435, 251, 96868, 6.60, 312.60, 25.06, 49.80,  ,  ,  , 1.6
20:58:34, 436, 252, 96854, 5.90, 311.60, 25.07, 49.80,  , 43.025267, -87.866975, 1.6
20:58:36, 440, 256, 96811, 6.35, 311.80, 25.02, 49.65,  ,  ,  , 1.6
20:58:37, 442, 258, 96790, 6.70, 316.20, 25.07, 49.70,  , 43.025363, -87.867183, 1.7
20:58:39, 446, 262, 96752, 5.40, 303.40, 25.02, 50.00,  ,  ,  , 1.7
20:58:40, 447, 263, 96734, 5.90, 309.10, 24.99, 50.20,  , 43.025462, -87.867377, 1.7
20:58:42, 450, 266, 96704, 5.95, 307.50, 25.05, 50.60,  ,  ,  , 1.6
20:58:43, 451, 267, 96690, 5.55, 306.60, 25.06, 50.75,  , 43.025555, -87.867570, 1.6
20:58:44, 453, 269, 96666, 7.20, 315.90, 25.08, 50.85,  ,  ,  , 1.6
20:58:45, 456, 272, 96643, 6.65, 307.80, 25.12, 50.95,  ,  ,  , 1.7
20:58:46, 458, 274, 96620, 5.85, 311.40, 25.15, 51.05,  , 43.025655, -87.867777, 1.8
20:58:47, 459, 275, 96603, 6.35, 318.90, 25.15, 51.15,  ,  ,  , 1.7
20:58:48, 461, 277, 96588, 7.25, 309.60, 25.12, 51.20,  ,  ,  , 1.7
20:58:49, 462, 278, 96574, 6.95, 305.20, 25.09, 51.25,  , 43.025767, -87.867970, 1.6
20:58:50, 464, 280, 96553,  ,  , 25.04, 51.20,  ,  ,  , 1.7
20:58:51, 466, 282, 96532,  ,  , 25.01, 51.25,  ,  ,  , 1.7
20:58:52, 468, 284, 96512,  ,  , 24.98, 51.20,  ,  ,  , 1.7
20:58:53, 469, 285, 96493, 6.45, 303.50, 25.02, 51.25,  ,  ,  , 1.7
20:58:54, 471, 287, 96474, 6.90, 309.10, 25.02, 51.25,  ,  ,  , 1.7
20:58:55, 473, 289, 96456, 7.30, 312.70, 25.04, 51.20, 37.5, 43.025995, -87.868382, 1.8
20:58:56, 474, 290, 96437, 6.80, 304.40, 25.06, 51.10,  ,  ,  , 1.7
20:58:57, 476, 292, 96419, 6.60, 316.20, 25.09, 51.05,  ,  ,  , 1.7
20:58:58, 478, 294, 96402, 7.50, 310.70, 25.09, 50.95,  , 43.026113, -87.868572, 1.7
20:58:59, 479, 295, 96382, 7.20, 304.20, 25.09, 50.95,  ,  ,  , 1.7
20:59:00, 481, 297, 96362, 6.85, 316.30, 25.09, 50.85,  ,  ,  , 1.7
20:59:01, 483, 299, 96342, 7.30, 315.70, 25.06, 50.70,  , 43.026233, -87.868772, 1.7
20:59:02, 485, 301, 96325,  ,  , 25.06, 50.55,  ,  ,  , 1.8
20:59:03, 486, 302, 96308,  ,  , 25.08, 50.30,  ,  ,  , 1.7
20:59:04, 488, 304, 96292,  ,  , 25.08, 50.10,  ,  ,  , 1.7
20:59:05, 490, 306, 96271, 6.80, 306.60, 25.09, 49.85,  ,  ,  , 1.7
20:59:06, 491, 307, 96251, 7.00, 316.00, 25.11, 49.55,  ,  ,  , 1.7
20:59:07, 493, 309, 96232, 7.25, 313.20, 25.12, 49.30,  , 43.026475, -87.869165, 1.7
20:59:08, 495, 311, 96212, 7.90, 311.00, 25.13, 49.15,  ,  ,  , 1.7
20:59:09, 497, 313, 96194, 6.75, 310.40, 25.15, 49.35,  ,  ,  , 1.7
20:59:10, 498, 314, 96176, 6.60, 317.80, 25.12, 49.50,  , 43.026602, -87.869360, 1.7
20:59:11, 500, 316, 96159, 7.60, 319.00, 25.10, 49.45,  ,  ,  , 1.7
20:59:12, 501, 317, 96143, 7.10, 306.70, 25.12, 49.30,  ,  ,  , 1.7
20:59:13, 503, 319, 96128, 6.80, 312.60, 25.08, 48.90,  , 43.026725, -87.869558, 1.6
20:59:14, 505, 321, 96106, 6.60, 315.30, 25.07, 48.30,  ,  ,  , 1.7
20:59:15, 507, 323, 96083, 7.60, 312.30, 25.06, 47.65,  ,  ,  , 1.7
20:59:16, 509, 325, 96060, 7.45, 311.50, 25.08, 47.10,  , 43.026858, -87.869753, 1.8
20:59:17, 511, 327, 96040, 6.85, 319.50, 25.09, 46.75,  ,  ,  , 1.7
20:59:18, 512, 328, 96024, 7.05, 311.70, 25.09, 46.55,  ,  ,  , 1.7
20:59:19, 514, 330, 96008, 7.95, 312.30, 25.09, 46.50,  , 43.026988, -87.869953, 1.7
20:59:20, 515, 331, 95996, 7.65, 320.40, 25.15, 46.50,  ,  ,  , 1.7
20:59:21, 516, 332, 95983, 7.15, 308.70, 25.16, 46.55,  ,  ,  , 1.6
20:59:22, 517, 333, 95970, 6.70, 314.30, 25.14, 46.60, 37.8, 43.027132, -87.870148, 1.6
20:59:23, 519, 335, 95945, 8.00, 317.70, 25.12, 46.65,  ,  ,  , 1.6
20:59:24, 522, 338, 95919, 8.70, 319.20, 25.12, 46.70,  ,  ,  , 1.7
20:59:25, 524, 340, 95894, 7.45, 314.60, 25.13, 46.80,  , 43.027278, -87.870347, 1.8
20:59:28, 529, 345, 95838, 8.10, 315.90, 25.20, 46.90,  , 43.027422, -87.870528, 1.7
20:59:29, 531, 347, 95820, 7.00, 316.40, 25.22, 46.85,  ,  ,  , 1.7
20:59:30, 532, 348, 95803, 7.05, 328.00, 25.20, 46.85,  ,  ,  , 1.7
20:59:31, 534, 350, 95786, 7.50, 319.90, 25.17, 46.90,  , 43.027562, -87.870700, 1.7
20:59:32, 536, 352, 95765, 7.80, 317.50, 25.14, 46.95,  ,  ,  , 1.8
20:59:33, 538, 354, 95746, 7.60, 325.80, 25.10, 47.05,  ,  ,  , 1.8
20:59:34, 539, 355, 95728, 8.10, 322.00, 25.09, 47.15,  , 43.027717, -87.870880, 1.8
20:59:35, 541, 357, 95713, 8.35, 316.60, 25.10, 47.25,  ,  ,  , 1.8
20:59:36, 542, 358, 95698, 7.25, 322.60, 25.13, 47.25,  ,  ,  , 1.7
20:59:37, 543, 359, 95684, 7.30, 323.30, 25.12, 47.20,  , 43.027878, -87.871062, 1.6
20:59:38, 545, 361, 95664, 8.40, 320.30, 25.14, 47.10,  ,  ,  , 1.6
20:59:39, 547, 363, 95644, 7.90, 323.40, 25.14, 47.00,  ,  ,  , 1.6
20:59:40, 549, 365, 95624, 7.30, 322.00, 25.21, 46.85,  , 43.028028, -87.871232, 1.7
20:59:41, 551, 367, 95604, 8.50, 321.40, 25.21, 46.75,  ,  ,  , 1.7
20:59:42, 553, 369, 95585, 8.40, 319.00, 25.20, 46.65,  ,  ,  , 1.7
20:59:43, 554, 370, 95566, 8.10, 322.80, 25.23, 46.50,  , 43.028198, -87.871422, 1.7
20:59:44, 556, 372, 95550, 8.30, 327.30, 25.24, 46.30,  ,  ,  , 1.7
20:59:45, 557, 373, 95535, 7.80, 319.60, 25.27, 46.10,  ,  ,  , 1.6
20:59:46, 559, 375, 95520, 8.30, 322.90, 25.25, 45.95,  , 43.028370, -87.871605, 1.6
20:59:47, 560, 376, 95504, 8.85, 324.90, 25.24, 45.85,  ,  ,  , 1.6
20:59:48, 562, 378, 95488, 7.65, 321.30, 25.29, 46.00,  ,  ,  , 1.6
20:59:49, 563, 379, 95472, 8.30, 322.20, 25.28, 46.20, 38.0, 43.028535, -87.871782, 1.6
20:59:50, 565, 381, 95449, 8.30, 323.20, 25.25, 46.25,  ,  ,  , 1.7
20:59:51, 567, 383, 95426, 8.05, 317.90, 25.24, 46.25,  ,  ,  , 1.7
20:59:52, 569, 385, 95404, 7.75, 328.20, 25.25, 46.20,  , 43.028702, -87.871963, 1.7
20:59:53, 570, 386, 95392, 8.65, 322.10, 25.32, 46.15,  ,  ,  , 1.6
20:59:54, 572, 388, 95380, 8.50, 315.80, 25.29, 46.15,  ,  ,  , 1.6
20:59:55, 573, 389, 95368, 7.75, 320.90, 25.25, 46.10,  , 43.028872, -87.872157, 1.5
20:59:56, 575, 391, 95345, 8.45, 322.40, 25.23, 46.15,  ,  ,  , 1.6
20:59:57, 577, 393, 95322, 9.15, 320.20, 25.24, 46.20,  ,  ,  , 1.6
20:59:58, 579, 395, 95300, 7.65, 322.10, 25.25, 46.35,  , 43.029047, -87.872337, 1.7
20:59:59, 580, 396, 95283, 8.25, 325.10, 25.27, 46.55,  ,  ,  , 1.7
21:00:00, 582, 398, 95266, 8.40, 323.10, 25.26, 46.70,  ,  ,  , 1.7
21:00:01, 584, 400, 95250, 8.00, 318.80, 25.22, 46.70,  , 43.029213, -87.872508, 1.7
21:00:02, 585, 401, 95230, 8.55, 323.70, 25.19, 46.70,  ,  ,  , 1.7
21:00:03, 587, 403, 95210, 8.45, 323.90, 25.16, 46.65,  ,  ,  , 1.7
21:00:04, 589, 405, 95190, 7.90, 319.90, 25.20, 46.75,  , 43.029375, -87.872682, 1.7
21:00:05, 591, 407, 95173, 8.50, 324.10, 25.25, 46.85,  ,  ,  , 1.6
21:00:06, 592, 408, 95156, 8.30, 322.50, 25.29, 46.85,  ,  ,  , 1.7
21:00:07, 594, 410, 95140, 7.45, 316.20, 25.26, 46.80,  , 43.029543, -87.872865, 1.7
21:00:08, 595, 411, 95123, 7.05, 323.90, 25.25, 46.75,  ,  ,  , 1.7
21:00:09, 597, 413, 95107, 7.35, 329.80, 25.25, 46.75,  ,  ,  , 1.7
21:00:10, 598, 414, 95092, 7.85, 321.50, 25.22, 46.80,  , 43.029697, -87.873027, 1.6
21:00:11, 600, 416, 95073, 8.30, 325.60, 25.17, 46.95,  ,  ,  , 1.6
21:00:12, 602, 418, 95054, 8.75, 323.70, 25.15, 47.10,  ,  ,  , 1.6
21:00:13, 603, 419, 95036, 8.20, 321.00, 25.17, 47.30,  , 43.029875, -87.873205, 1.6
21:00:14, 605, 421, 95019, 8.35, 324.40, 25.16, 47.45,  ,  ,  , 1.6
21:00:15, 606, 422, 95002, 8.05, 324.90, 25.25, 47.55,  ,  ,  , 1.6
21:00:16, 608, 424, 94986, 8.80, 315.70, 25.25, 47.60, 38.5, 43.030045, -87.873393, 1.6
21:00:17, 610, 426, 94968, 7.90, 322.30, 25.22, 47.65,  ,  ,  , 1.6
21:00:18, 611, 427, 94952, 7.15, 326.20, 25.22, 47.70,  ,  ,  , 1.6
21:00:19, 613, 429, 94936, 8.30, 324.30, 25.21, 47.75,  , 43.030207, -87.873565, 1.6
21:00:20, 614, 430, 94919, 7.40, 317.90, 25.16, 47.75,  ,  ,  , 1.6
21:00:21, 616, 432, 94902, 6.65, 317.40, 25.14, 47.70,  ,  ,  , 1.6
21:00:22, 617, 433, 94886, 7.65, 327.70, 25.16, 47.70,  , 43.030345, -87.873743, 1.6
21:00:23, 619, 435, 94865, 7.85, 321.40, 25.14, 47.70,  ,  ,  , 1.6
21:00:24, 621, 437, 94845, 7.20, 314.30, 25.11, 47.75,  ,  ,  , 1.6
21:00:25, 623, 439, 94826, 7.45, 324.70, 25.08, 47.85,  , 43.030500, -87.873917, 1.6
21:00:28, 628, 444, 94776, 6.55, 321.00, 25.11, 47.95,  , 43.030657, -87.874100, 1.6
21:00:29, 629, 445, 94756, 7.55, 318.80, 25.15, 47.95,  ,  ,  , 1.6
21:00:30, 631, 447, 94738, 7.55, 318.80, 25.14, 47.90,  ,  ,  , 1.7
21:00:31, 633, 449, 94720, 7.15, 324.50, 25.10, 47.85,  , 43.030805, -87.874277, 1.7
21:00:32, 634, 450, 94703, 7.25, 316.90, 25.10, 47.80,  ,  ,  , 1.7
21:00:33, 636, 452, 94686, 7.25, 314.20, 25.11, 47.70,  ,  ,  , 1.7
21:00:34, 637, 453, 94670, 7.15, 322.90, 25.16, 47.65,  , 43.030947, -87.874455, 1.7
21:00:35, 639, 455, 94652, 8.05, 321.80, 25.13, 47.55,  ,  ,  , 1.7
21:00:36, 641, 457, 94634, 7.90, 315.90, 25.11, 47.45,  ,  ,  , 1.7
21:00:37, 642, 458, 94616, 6.60, 319.00, 25.12, 47.35,  , 43.031093, -87.874630, 1.6
21:00:38, 644, 460, 94598, 8.25, 317.00, 25.12, 47.30,  ,  ,  , 1.6
21:00:39, 646, 462, 94580, 7.85, 316.70, 25.08, 47.20,  ,  ,  , 1.6
21:00:40, 647, 463, 94562, 6.55, 317.60, 25.04, 47.15,  , 43.031245, -87.874822, 1.6
21:00:41, 649, 465, 94546, 7.75, 319.10, 25.05, 47.05,  ,  ,  , 1.6
21:00:42, 650, 466, 94531, 7.55, 318.70, 25.04, 47.10,  ,  ,  , 1.6
21:00:43, 652, 468, 94516, 7.00, 316.10, 24.99, 47.10, 38.8, 43.031393, -87.875007, 1.6
21:00:44, 653, 469, 94497, 7.70, 323.90, 24.95, 47.25,  ,  ,  , 1.6
21:00:45, 655, 471, 94479, 8.45, 317.20, 24.97, 47.35,  ,  ,  , 1.6
21:00:46, 657, 473, 94462, 7.65, 314.20, 24.99, 47.45,  , 43.031545, -87.875198, 1.6
21:00:47, 658, 474, 94445, 7.05, 327.20, 25.01, 47.50,  ,  ,  , 1.6
21:00:48, 660, 476, 94428, 7.45, 319.50, 25.11, 47.55,  ,  ,  , 1.6
21:00:49, 661, 477, 94412, 7.85, 308.10, 25.09, 47.50,  , 43.031692, -87.875375, 1.6
21:00:50, 663, 479, 94392, 6.90, 321.60, 25.07, 47.45,  ,  ,  , 1.6
21:00:51, 665, 481, 94371, 6.80, 327.20, 25.04, 47.45,  ,  ,  , 1.6
21:00:52, 667, 483, 94350, 7.75, 315.80, 25.01, 47.45,  , 43.031840, -87.875545, 1.7
21:00:54, 670, 486, 94316, 7.35, 325.60, 24.99, 47.50,  ,  ,  , 1.7
21:00:55, 672, 488, 94300, 8.45, 318.10, 24.99, 47.50,  , 43.031988, -87.875720, 1.7
21:00:58, 677, 493, 94242, 8.45, 322.00, 24.85, 47.55,  , 43.032130, -87.875897, 1.7
21:01:00, 680, 496, 94215, 6.80, 320.10, 24.94, 47.70,  ,  ,  , 1.7
21:01:01, 681, 497, 94202, 8.15, 315.20, 24.93, 47.70,  , 43.032285, -87.876072, 1.6
21:01:03, 685, 501, 94160, 6.80, 317.10, 24.84, 47.75,  ,  ,  , 1.6
21:01:04, 687, 503, 94140, 7.95, 323.00, 24.81, 47.75,  , 43.032423, -87.876252, 1.6
21:01:06, 690, 506, 94104, 7.35, 317.10, 24.82, 47.85,  ,  ,  , 1.7
21:01:07, 692, 508, 94086, 7.75, 324.50, 24.87, 47.90,  , 43.032577, -87.876432, 1.7
21:01:09, 695, 511, 94049, 6.90, 313.20, 24.86, 47.95,  ,  ,  , 1.7
21:01:10, 697, 513, 94032, 7.00, 322.90, 24.90, 47.95, 39.2, 43.032725, -87.876613, 1.6
21:01:12, 700, 516, 93997, 7.05, 316.90, 24.83, 47.95,  ,  ,  , 1.7
21:01:13, 702, 518, 93980, 6.10, 318.30, 24.79, 48.00,  , 43.032870, -87.876790, 1.7
21:01:14, 703, 519, 93963, 7.70, 317.20, 24.78, 48.10,  ,  ,  , 1.7
21:01:15, 705, 521, 93946, 7.20, 319.00, 24.77, 48.20,  ,  ,  , 1.7
21:01:16, 707, 523, 93930, 6.50, 323.60, 24.75, 48.20,  , 43.033017, -87.876953, 1.7
21:01:17, 708, 524, 93910, 7.30, 314.80, 24.74, 48.25,  ,  ,  , 1.7
21:01:18, 710, 526, 93892, 7.45, 316.00, 24.72, 48.35,  ,  ,  , 1.7
21:01:19, 712, 528, 93874, 6.70, 324.70, 24.79, 48.40,  , 43.033167, -87.877123, 1.7
21:01:20, 713, 529, 93861,  ,  , 24.85, 48.45,  ,  ,  , 1.6
21:01:21, 714, 530, 93848,  ,  , 24.80, 48.35,  ,  ,  , 1.6
21:01:22, 715, 531, 93836,  ,  , 24.75, 48.30,  ,  ,  , 1.6
21:01:23, 717, 533, 93814, 6.35, 319.50, 24.74, 48.30,  ,  ,  , 1.6
21:01:24, 719, 535, 93794, 7.60, 320.70, 24.71, 48.30,  ,  ,  , 1.6
21:01:25, 721, 537, 93774, 6.60, 309.40, 24.71, 48.25,  , 43.033447, -87.877470, 1.6
21:01:27, 725, 541, 93736,  ,  , 24.71, 48.20,  ,  ,  , 1.6
21:01:28, 726, 542, 93718,  ,  , 24.66, 48.15,  ,  ,  , 1.7
21:01:29, 728, 544, 93701, 7.10, 317.90, 24.63, 48.10,  ,  ,  , 1.7
21:01:30, 730, 546, 93683, 6.85, 321.40, 24.66, 48.10,  ,  ,  , 1.6
21:01:31, 731, 547, 93666, 6.90, 310.60, 24.67, 48.00,  , 43.033733, -87.877818, 1.6
21:01:32, 733, 549, 93648, 7.55, 314.30, 24.65, 47.90,  ,  ,  , 1.7
21:01:33, 735, 551, 93631, 7.15, 319.90, 24.63, 47.85,  ,  ,  , 1.7
21:01:34, 736, 552, 93614, 6.10, 313.90, 24.60, 47.85,  , 43.033875, -87.877997, 1.7
21:01:35, 738, 554, 93597, 6.70, 319.00, 24.56, 47.90,  ,  ,  , 1.7
21:01:36, 739, 555, 93581, 7.25, 319.20, 24.55, 48.05,  ,  ,  , 1.7
21:01:37, 741, 557, 93566, 6.40, 307.00, 24.53, 48.20, 39.2, 43.034008, -87.878162, 1.7
21:01:38, 742, 558, 93550, 5.75, 315.60, 24.50, 48.35,  ,  ,  , 1.6
21:01:39, 744, 560, 93534, 6.70, 317.80, 24.49, 48.55,  ,  ,  , 1.6
21:01:40, 745, 561, 93518, 7.40, 306.90, 24.51, 48.60,  , 43.034137, -87.878325, 1.6
21:01:41, 747, 563, 93498, 6.05, 316.00, 24.49, 48.65,  ,  ,  , 1.6
21:01:42, 749, 565, 93479, 5.90, 320.80, 24.52, 48.70,  ,  ,  , 1.6
21:01:43, 751, 567, 93460, 5.50, 304.30, 24.58, 48.65,  , 43.034263, -87.878477, 1.6
21:01:44, 752, 568, 93446, 7.10, 310.10, 24.56, 48.60,  ,  ,  , 1.6
21:01:45, 753, 569, 93433, 6.20, 322.00, 24.57, 48.55,  ,  ,  , 1.5
21:01:46, 755, 571, 93420, 6.85, 311.00, 24.54, 48.40,  , 43.034393, -87.878650, 1.5
21:01:47, 756, 572, 93400, 6.75, 310.40, 24.51, 48.30,  ,  ,  , 1.6
21:01:48, 758, 574, 93380, 6.20, 316.30, 24.48, 48.25,  ,  ,  , 1.6
21:01:49, 760, 576, 93360, 6.95, 317.80, 24.46, 48.20,  , 43.034523, -87.878822, 1.6
21:01:50, 762, 578, 93345, 6.40, 311.80, 24.48, 48.20,  ,  ,  , 1.6
21:01:51, 763, 579, 93330, 5.60, 307.20, 24.55, 48.15,  ,  ,  , 1.6
21:01:52, 764, 580, 93316, 7.05, 317.00, 24.56, 48.05,  , 43.034643, -87.878993, 1.6
21:01:53, 766, 582, 93300, 7.20, 309.30, 24.55, 47.95,  ,  ,  , 1.6
21:01:54, 767, 583, 93284, 6.15, 304.50, 24.57, 47.95,  ,  ,  , 1.6
21:01:55, 769, 585, 93268, 6.75, 322.60, 24.57, 47.90,  , 43.034775, -87.879178, 1.5
21:01:58, 774, 590, 93214, 6.80, 315.50, 24.51, 47.90,  , 43.034900, -87.879352, 1.6
21:01:59, 776, 592, 93195, 6.85, 318.40, 24.50, 47.90,  ,  ,  , 1.6
21:02:00, 777, 593, 93176, 5.85, 304.40, 24.46, 47.85,  ,  ,  , 1.6
21:02:01, 779, 595, 93158, 6.40, 311.80, 24.43, 47.85,  , 43.035023, -87.879522, 1.6
21:02:02, 781, 597, 93143, 6.65, 317.60, 24.49, 47.80,  ,  ,  , 1.6
21:02:03, 782, 598, 93129, 7.15, 303.00, 24.49, 47.80,  ,  ,  , 1.6
21:02:04, 783, 599, 93116, 6.45, 313.20, 24.46, 47.75, 39.2, 43.035148, -87.879705, 1.6
21:02:05, 785, 601, 93097, 6.00, 312.30, 24.42, 47.80,  ,  ,  , 1.6
21:02:06, 787, 603, 93076, 6.80, 308.80, 24.39, 47.90,  ,  ,  , 1.6
21:02:07, 789, 605, 93056, 6.70, 320.70, 24.37, 47.95,  , 43.035275, -87.879878, 1.7
21:02:08, 791, 607, 93037, 6.10, 318.20, 24.33, 48.00,  ,  ,  , 1.7
21:02:09, 792, 608, 93019, 6.50, 304.90, 24.28, 48.05,  ,  ,  , 1.6
21:02:10, 794, 610, 93002, 6.00, 309.40, 24.25, 48.10,  , 43.035395, -87.880040, 1.6
21:02:11, 795, 611, 92984, 6.55, 320.70, 24.22, 48.15,  ,  ,  , 1.6
21:02:12, 797, 613, 92967, 6.65, 316.50, 24.22, 48.25,  ,  ,  , 1.6
21:02:13, 799, 615, 92950, 5.75, 303.80, 24.19, 48.30,  , 43.035523, -87.880198, 1.6
21:02:14, 800, 616, 92933, 6.10, 309.70, 24.19, 48.35,  ,  ,  , 1.6
21:02:15, 802, 618, 92916, 6.85, 320.30, 24.16, 48.45,  ,  ,  , 1.6
21:02:16, 803, 619, 92900, 5.70, 320.80, 24.15, 48.50,  , 43.035650, -87.880353, 1.7
21:02:17, 805, 621, 92882, 5.65, 313.80, 24.15, 48.55,  ,  ,  , 1.7
21:02:18, 807, 623, 92865, 6.35, 313.60, 24.19, 48.60,  ,  ,  , 1.6
21:02:19, 808, 624, 92848, 6.10, 308.30, 24.22, 48.60,  , 43.035772, -87.880508, 1.6
21:02:20, 810, 626, 92833, 4.90, 316.90, 24.27, 48.55,  ,  ,  , 1.6
21:02:21, 811, 627, 92818, 5.80, 323.20, 24.32, 48.55,  ,  ,  , 1.6
21:02:22, 812, 628, 92804, 7.20, 309.80, 24.28, 48.55,  , 43.035890, -87.880653, 1.6
21:02:23, 814, 630, 92788, 5.90, 309.60, 24.25, 48.50,  ,  ,  , 1.6
21:02:24, 815, 631, 92773, 5.90, 309.60, 24.30, 48.45,  ,  ,  , 1.5
21:02:25, 817, 633, 92758, 7.00, 317.10, 24.28, 48.45,  , 43.036007, -87.880813, 1.5
21:02:27, 820, 636, 92724, 4.95, 311.70, 24.25, 48.45,  ,  ,  , 1.5
21:02:28, 821, 637, 92708, 6.30, 320.80, 24.26, 48.45,  , 43.036120, -87.880967, 1.5
21:02:29, 823, 639, 92689,  ,  , 24.27, 48.45,  ,  ,  , 1.5
21:02:30, 825, 641, 92672,  ,  , 24.28, 48.40,  ,  ,  , 1.5
21:02:31, 826, 642, 92656,  ,  , 24.27, 48.40, 39.0,  ,  , 1.5
21:02:32, 828, 644, 92636,  ,  , 24.23, 48.45,  ,  ,  , 1.5
21:02:33, 830, 646, 92615,  ,  , 24.20, 48.45,  ,  ,  , 1.6
21:02:34, 832, 648, 92594,  ,  , 24.22, 48.50,  ,  ,  , 1.6
21:02:35, 834, 650, 92577, 5.55, 318.50, 24.22, 48.45,  ,  ,  , 1.7
21:02:36, 835, 651, 92561, 6.60, 308.50, 24.19, 48.45,  ,  ,  , 1.7
21:02:37, 837, 653, 92546, 5.85, 318.20, 24.18, 48.50,  , 43.036477, -87.881418, 1.7
21:02:38, 838, 654, 92529, 5.65, 320.30, 24.15, 48.50,  ,  ,  , 1.7
21:02:39, 840, 656, 92512, 6.05, 311.70, 24.12, 48.55,  ,  ,  , 1.7
21:02:40, 842, 658, 92496, 5.40, 316.70, 24.17, 48.55,  , 43.036595, -87.881562, 1.7
21:02:41, 843, 659, 92479, 5.20, 316.00, 24.22, 48.55,  ,  ,  , 1.7
21:02:42, 845, 661, 92462, 6.90, 309.80, 24.19, 48.50,  ,  ,  , 1.7
21:02:43, 846, 662, 92446, 5.50, 312.90, 24.17, 48.45,  , 43.036707, -87.881717, 1.7
21:02:44, 848, 664, 92426, 5.25, 314.10, 24.11, 48.40,  ,  ,  , 1.7
21:02:45, 850, 666, 92408, 6.20, 319.10, 24.08, 48.40,  ,  ,  , 1.6
21:02:46, 852, 668, 92390, 5.85, 312.80, 24.08, 48.45,  , 43.036822, -87.881857, 1.6
21:02:47, 853, 669, 92372, 5.10, 316.70, 24.06, 48.50,  ,  ,  , 1.6
21:02:48, 855, 671, 92354, 5.30, 323.90, 24.06, 48.50,  ,  ,  , 1.6
21:02:49, 857, 673, 92336, 5.65, 312.00, 24.09, 48.50,  , 43.036933, -87.881988, 1.7
21:02:50, 858, 674, 92320, 5.90, 310.30, 24.07, 48.50,  ,  ,  , 1.7
21:02:51, 860, 676, 92305, 5.70, 324.30, 24.10, 48.50,  ,  ,  , 1.6
21:02:52, 861, 677, 92290, 4.80, 315.40, 24.19, 48.50,  , 43.037048, -87.882128, 1.6
21:02:53, 863, 679, 92272, 5.25, 310.30, 24.19, 48.40,  ,  ,  , 1.6
21:02:54, 865, 681, 92255, 6.10, 321.80, 24.24, 48.30,  ,  ,  , 1.6
21:02:55, 866, 682, 92238, 6.10, 312.30, 24.24, 48.20,  , 43.037162, -87.882272, 1.6
21:02:58, 871, 687, 92192, 6.75, 317.10, 24.22, 48.05, 39.2, 43.037278, -87.882405, 1.6
21:02:59, 872, 688, 92172, 5.55, 315.30, 24.12, 48.05,  ,  ,  , 1.6
21:03:00, 874, 690, 92153, 5.00, 342.00, 24.04, 48.10,  ,  ,  , 1.6
21:03:01, 876, 692, 92134, 7.35, 326.40, 23.98, 48.15,  , 43.037405, -87.882535, 1.6
21:03:02, 878, 694, 92118, 6.65, 319.90, 23.94, 48.20,  ,  ,  , 1.6
21:03:03, 879, 695, 92103, 4.85, 323.00, 23.92, 48.35,  ,  ,  , 1.6
21:03:04, 881, 697, 92088, 5.80, 314.50, 23.92, 48.45,  , 43.037512, -87.882687, 1.6
21:03:05, 882, 698, 92071, 6.45, 316.10, 23.90, 48.50,  ,  ,  , 1.6
21:03:06, 884, 700, 92053, 5.15, 326.70, 23.87, 48.55,  ,  ,  , 1.6
21:03:07, 885, 701, 92036, 5.75, 323.50, 23.83, 48.60,  , 43.037627, -87.882825, 1.6
21:03:08, 887, 703, 92018, 6.45, 315.20, 23.84, 48.65,  ,  ,  , 1.6
21:03:09, 889, 705, 92002, 4.70, 314.70, 23.83, 48.65,  ,  ,  , 1.6
21:03:10, 890, 706, 91986, 5.45, 320.40, 23.82, 48.70,  , 43.037738, -87.882967, 1.6
21:03:11, 892, 708, 91971, 6.05, 318.90, 23.82, 48.75,  ,  ,  , 1.6
21:03:12, 893, 709, 91956, 5.05, 316.20, 23.87, 48.80,  ,  ,  , 1.6
21:03:13, 894, 710, 91942, 5.45, 309.60, 23.89, 48.75,  , 43.037850, -87.883105, 1.6
21:03:14, 896, 712, 91927, 6.90, 310.60, 23.84, 48.75,  ,  ,  , 1.5
21:03:15, 897, 713, 91913, 5.60, 316.60, 23.82, 48.70,  ,  ,  , 1.5
21:03:16, 899, 715, 91900, 5.00, 321.20, 23.80, 48.70,  , 43.037967, -87.883258, 1.5
21:03:17, 900, 716, 91881, 6.60, 315.80, 23.79, 48.75,  ,  ,  , 1.5
21:03:18, 902, 718, 91861, 5.85, 307.00, 23.75, 48.75,  ,  ,  , 1.5
21:03:19, 904, 720, 91842, 5.20, 316.70, 23.71, 48.80,  , 43.038077, -87.883407, 1.6
21:03:20, 905, 721, 91828, 5.55, 331.70, 23.76, 48.85,  ,  ,  , 1.5
21:03:21, 907, 723, 91815, 6.45, 322.30, 23.77, 48.85,  ,  ,  , 1.5
21:03:22, 908, 724, 91802, 6.45, 311.00, 23.72, 48.80,  , 43.038205, -87.883533, 1.5
21:03:24, 912, 728, 91756, 5.50, 320.80, 23.60, 48.80,  ,  ,  , 1.6
21:03:25, 914, 730, 91734, 5.65, 312.20, 23.60, 48.80, 39.2, 43.038320, -87.883668, 1.6
21:03:28, 919, 735, 91684, 6.35, 316.30, 23.60, 48.80,  , 43.038433, -87.883803, 1.7
21:03:30, 922, 738, 91655, 5.55, 318.30, 23.57, 48.75,  ,  ,  , 1.6
21:03:31, 923, 739, 91642, 6.10, 319.30, 23.57, 48.70,  , 43.038545, -87.883943, 1.6
21:03:33, 927, 743, 91603, 5.60, 319.50, 23.47, 48.60,  ,  ,  , 1.7
21:03:34, 929, 745, 91584, 5.70, 324.90, 23.44, 48.55,  , 43.038658, -87.884078, 1.7
21:03:36, 932, 748, 91552, 5.45, 318.30, 23.41, 48.50,  ,  ,  , 1.7
21:03:37, 933, 749, 91536, 5.35, 327.00, 23.39, 48.45,  , 43.038772, -87.884202, 1.6
21:03:39, 937, 753, 91498, 4.70, 313.70, 23.39, 48.35,  ,  ,  , 1.6
21:03:40, 939, 755, 91480, 4.20, 321.80, 23.44, 48.30,  , 43.038882, -87.884315, 1.6
21:03:42, 942, 758, 91448, 5.95, 308.20, 23.41, 48.10,  ,  ,  , 1.7
21:03:43, 943, 759, 91432, 4.70, 311.70, 23.34, 48.05,  , 43.038985, -87.884457, 1.7
21:03:45, 946, 762, 91398, 5.45, 322.50, 23.27, 48.10,  ,  ,  , 1.7
21:03:46, 948, 764, 91382, 4.80, 309.30, 23.27, 48.15,  , 43.039098, -87.884570, 1.6
21:03:47, 950, 766, 91364, 5.30, 324.80, 23.27, 48.10,  ,  ,  , 1.6
21:03:48, 951, 767, 91346, 5.60, 321.70, 23.27, 48.15,  ,  ,  , 1.6
21:03:49, 953, 769, 91328, 4.95, 309.40, 23.27, 48.15,  , 43.039212, -87.884697, 1.7
21:03:50, 955, 771, 91310, 4.15, 327.80, 23.27, 48.20,  ,  ,  , 1.7
21:03:51, 957, 773, 91292, 5.40, 324.80, 23.25, 48.20,  ,  ,  , 1.7
21:03:52, 958, 774, 91274, 5.85, 311.00, 23.25, 48.20, 39.2, 43.039318, -87.884813, 1.7
21:03:53, 960, 776, 91259, 4.20, 311.20, 23.20, 48.20,  ,  ,  , 1.6
21:03:54, 961, 777, 91244, 5.10, 319.90, 23.18, 48.20,  ,  ,  , 1.6
21:03:55, 963, 779, 91230, 5.70, 314.70, 23.18, 48.25,  , 43.039423, -87.884945, 1.6
21:03:56, 964, 780, 91213, 4.75, 302.20, 23.14, 48.30,  ,  ,  , 1.6
21:03:57, 966, 782, 91196, 5.60, 313.10, 23.09, 48.35,  ,  ,  , 1.6
21:03:58, 967, 783, 91180, 6.20, 317.70, 23.10, 48.35,  , 43.039530, -87.885088, 1.6
21:03:59, 969, 785, 91163, 4.60, 313.40, 23.06, 48.40,  ,  ,  , 1.6
21:04:00, 971, 787, 91147, 5.40, 313.50, 23.03, 48.45,  ,  ,  , 1.6
21:04:01, 972, 788, 91132, 6.40, 315.60, 23.02, 48.50,  , 43.039643, -87.885220, 1.6
21:04:02, 974, 790, 91114, 5.95, 307.70, 23.00, 48.55,  ,  ,  , 1.6
21:04:03, 976, 792, 91095, 5.20, 322.30, 23.00, 48.60,  ,  ,  , 1.6
21:04:04, 977, 793, 91076, 5.20, 321.10, 23.04, 48.65,  , 43.039760, -87.885348, 1.6
21:04:05, 979, 795, 91057, 7.40, 313.30, 23.04, 48.60,  ,  ,  , 1.6
21:04:06, 981, 797, 91039, 5.75, 315.00, 23.04, 48.60,  ,  ,  , 1.6
21:04:07, 983, 799, 91022, 4.50, 324.10, 23.14, 48.65,  , 43.039880, -87.885483, 1.7
21:04:08, 984, 800, 91004, 6.30, 307.60, 23.15, 48.60,  ,  ,  , 1.7
21:04:09, 986, 802, 90988, 5.55, 307.50, 23.13, 48.55,  ,  ,  , 1.7
21:04:10, 987, 803, 90972, 4.65, 317.80, 23.14, 48.50,  , 43.039982, -87.885612, 1.7
21:04:11, 989, 805, 90957, 5.85, 324.70, 23.15, 48.50,  ,  ,  , 1.6
21:04:12, 990, 806, 90941, 5.75, 321.40, 23.10, 48.45,  ,  ,  , 1.6
21:04:13, 992, 808, 90926, 4.60, 312.70, 23.06, 48.40,  , 43.040098, -87.885733, 1.6
21:04:14, 994, 810, 90905, 4.75, 331.20, 23.04, 48.40,  ,  ,  , 1.7
21:04:15, 996, 812, 90885, 5.90, 325.90, 23.05, 48.35,  ,  ,  , 1.7
21:04:16, 998, 814, 90866, 5.75, 314.10, 23.03, 48.35,  , 43.040218, -87.885838, 1.7
21:04:17, 999, 815, 90852, 4.50, 325.90, 23.01, 48.25,  ,  ,  , 1.6
21:04:18, 1000, 816, 90839, 5.05, 325.60, 23.06, 48.20,  ,  ,  , 1.6
21:04:19, 1001, 817, 90826, 6.60, 316.30, 23.02, 48.10, 39.0, 43.040328, -87.885950, 1.6
21:04:20, 1003, 819, 90806, 5.35, 325.80, 22.98, 48.00,  ,  ,  , 1.6
21:04:21, 1005, 821, 90785, 4.50, 322.90, 22.93, 47.95,  ,  ,  , 1.6
21:04:22, 1007, 823, 90764, 5.50, 318.70, 22.91, 47.85,  , 43.040443, -87.886062, 1.7
21:04:23, 1009, 825, 90746, 5.25, 325.00, 22.88, 47.85,  ,  ,  , 1.7
21:04:24, 1011, 827, 90730, 5.10, 327.50, 22.85, 47.75,  ,  ,  , 1.7
21:04:25, 1012, 828, 90714, 5.35, 327.80, 22.84, 47.60,  , 43.040558, -87.886163, 1.7
21:04:28, 1017, 833, 90666, 5.20, 332.60, 22.78, 47.90,  , 43.040663, -87.886272, 1.6
21:04:29, 1019, 835, 90648, 5.40, 318.10, 22.76, 48.20,  ,  ,  , 1.6
21:04:30, 1020, 836, 90631, 4.55, 313.00, 22.70, 48.40,  ,  ,  , 1.6
21:04:31, 1022, 838, 90614, 4.40, 325.90, 22.68, 48.55,  , 43.040768, -87.886383, 1.7
21:04:32, 1024, 840, 90594, 6.20, 325.90, 22.68, 48.70,  ,  ,  , 1.7
21:04:33, 1026, 842, 90576, 5.10, 314.50, 22.63, 48.90,  ,  ,  , 1.7
21:04:34, 1027, 843, 90558, 3.90, 315.40, 22.59, 49.05,  , 43.040882, -87.886497, 1.6
21:04:35, 1029, 845, 90541, 4.95, 331.40, 22.56, 49.10,  ,  ,  , 1.7
21:04:36, 1031, 847, 90524, 5.80, 317.50, 22.56, 49.15,  ,  ,  , 1.7
21:04:37, 1032, 848, 90508, 5.30, 312.70, 22.59, 49.20,  , 43.040997, -87.886607, 1.7
21:04:38, 1034, 850, 90492, 4.65, 332.60, 22.58, 49.15,  ,  ,  , 1.6
21:04:39, 1035, 851, 90476, 4.70, 329.00, 22.57, 49.05,  ,  ,  , 1.6
21:04:40, 1037, 853, 90460, 5.20, 316.60, 22.59, 48.90,  , 43.041112, -87.886705, 1.6
21:04:41, 1039, 855, 90442, 4.60, 324.80, 22.58, 48.75,  ,  ,  , 1.7
21:04:42, 1040, 856, 90424, 4.60, 329.20, 22.59, 48.60,  ,  ,  , 1.7
21:04:43, 1042, 858, 90406, 5.65, 323.40, 22.67, 48.40,  , 43.041225, -87.886807, 1.7
21:04:44, 1043, 859, 90390, 5.25, 314.20, 22.64, 48.20,  ,  ,  , 1.6
21:04:45, 1045, 861, 90376, 4.25, 323.90, 22.65, 48.00,  ,  ,  , 1.6
21:04:46, 1046, 862, 90362, 5.20, 332.10, 22.68, 47.85, 39.0, 43.041335, -87.886922, 1.6
21:04:47, 1048, 864, 90345, 5.45, 315.90, 22.64, 47.75,  ,  ,  , 1.6
21:04:48, 1050, 866, 90327, 4.60, 318.70, 22.62, 47.65,  ,  ,  , 1.6
21:04:49, 1051, 867, 90310, 4.65, 339.10, 22.67, 47.55,  , 43.041442, -87.887027, 1.6
21:04:50, 1053, 869, 90293, 6.15, 324.60, 22.68, 47.45,  ,  ,  , 1.6
21:04:51, 1055, 871, 90276, 4.75, 318.10, 22.67, 47.40,  ,  ,  , 1.6
21:04:52, 1056, 872, 90260, 4.10, 329.90, 22.63, 47.35,  , 43.041557, -87.887132, 1.6
21:04:53, 1058, 874, 90241, 5.15, 320.50, 22.60, 47.30,  ,  ,  , 1.6
21:04:54, 1060, 876, 90222, 5.95, 323.40, 22.56, 47.30,  ,  ,  , 1.6
21:04:55, 1062, 878, 90204, 4.95, 330.30, 22.60, 47.35,  , 43.041670, -87.887240, 1.6
21:04:56, 1063, 879, 90188, 5.20, 317.10, 22.58, 47.45,  ,  ,  , 1.6
21:04:57, 1065, 881, 90173, 4.55, 322.60, 22.56, 47.50,  ,  ,  , 1.6
21:04:58, 1066, 882, 90158, 5.50, 335.70, 22.56, 47.55,  , 43.041778, -87.887345, 1.6
21:04:59, 1068, 884, 90138, 5.80, 318.50, 22.54, 47.60,  ,  ,  , 1.7
21:05:00, 1070, 886, 90119, 4.20, 321.20, 22.50, 47.65,  ,  ,  , 1.7
21:05:01, 1072, 888, 90100, 4.20, 337.10, 22.57, 47.75,  , 43.041888, -87.887450, 1.7
21:05:02, 1073, 889, 90088, 6.25, 325.20, 22.55, 47.70,  ,  ,  , 1.7
21:05:03, 1074, 890, 90076, 5.00, 319.00, 22.51, 47.70,  ,  ,  , 1.6
21:05:04, 1075, 891, 90064, 3.85, 330.30, 22.49, 47.65,  , 43.042005, -87.887555, 1.6
21:05:05, 1077, 893, 90042, 5.50, 323.10, 22.47, 47.65,  ,  ,  , 1.6
21:05:06, 1079, 895, 90022, 5.65, 322.10, 22.44, 47.60,  ,  ,  , 1.6
21:05:07, 1081, 897, 90002, 4.30, 331.40, 22.48, 47.55,  , 43.042113, -87.887662, 1.6
21:05:08, 1082, 898, 89988, 5.00, 318.30, 22.54, 47.50,  ,  ,  , 1.6
21:05:09, 1084, 900, 89975, 5.90, 316.30, 22.48, 47.45,  ,  ,  , 1.6
21:05:10, 1085, 901, 89962, 4.35, 325.60, 22.43, 47.50,  , 43.042217, -87.887780, 1.6
21:05:11, 1087, 903, 89941, 5.05, 328.30, 22.42, 47.65,  ,  ,  , 1.6
21:05:12, 1089, 905, 89921, 5.60, 318.70, 22.40, 47.70,  ,  ,  , 1.6
21:05:13, 1091, 907, 89902, 4.15, 316.40, 22.32, 47.80, 38.5, 43.042327, -87.887888, 1.6
21:05:14, 1093, 909, 89884, 4.65, 326.60, 22.31, 47.85,  ,  ,  , 1.6
21:05:15, 1094, 910, 89865, 6.10, 328.70, 22.30, 47.95,  ,  ,  , 1.7
21:05:16, 1096, 912, 89846, 4.50, 324.30, 22.26, 48.05,  , 43.042440, -87.887990, 1.8
21:05:17, 1097, 913, 89834, 4.20, 322.00, 22.20, 48.15,  ,  ,  , 1.7
21:05:18, 1099, 915, 89823, 5.85, 322.70, 22.17, 48.25,  ,  ,  , 1.6
21:05:19, 1100, 916, 89812, 4.95, 322.20, 22.14, 48.30,  , 43.042547, -87.888100, 1.6
21:05:20, 1101, 917, 89794, 4.35, 326.90, 22.13, 48.45,  ,  ,  , 1.5
21:05:21, 1103, 919, 89778, 5.80, 326.50, 22.13, 48.50,  ,  ,  , 1.6
21:05:22, 1104, 920, 89762, 5.50, 319.10, 22.12, 48.60,  , 43.042660, -87.888208, 1.6
21:05:23, 1106, 922, 89742, 4.50, 318.40, 22.13, 48.60,  ,  ,  , 1.6
21:05:24, 1108, 924, 89722, 5.65, 324.60, 22.15, 48.65,  ,  ,  , 1.6
21:05:25, 1110, 926, 89702, 5.30, 322.10, 22.19, 48.70,  , 43.042772, -87.888320, 1.6
21:05:28, 1115, 931, 89650, 5.20, 323.20, 22.26, 48.55,  , 43.042882, -87.888420, 1.6
21:05:29, 1117, 933, 89631, 4.55, 317.50, 22.23, 48.50,  ,  ,  , 1.6
21:05:30, 1119, 935, 89612, 5.20, 334.20, 22.18, 48.40,  ,  ,  , 1.7
21:05:31, 1121, 937, 89594, 5.20, 324.90, 22.14, 48.35,  , 43.042987, -87.888523, 1.7
21:05:32, 1122, 938, 89578, 4.60, 307.80, 22.12, 48.35,  ,  ,  , 1.7
21:05:33, 1124, 940, 89563, 5.50, 328.70, 22.06, 48.35,  ,  ,  , 1.7
21:05:34, 1125, 941, 89548, 5.20, 335.30, 22.01, 48.40,  , 43.043095, -87.888633, 1.7
21:05:35, 1127, 943, 89530, 4.25, 318.70, 21.97, 48.50,  ,  ,  , 1.7
21:05:36, 1129, 945, 89513, 5.00, 324.80, 21.95, 48.55,  ,  ,  , 1.7
21:05:37, 1130, 946, 89496, 5.65, 325.10, 21.96, 48.60,  , 43.043205, -87.888737, 1.7
21:05:38, 1132, 948, 89479, 4.90, 320.90, 21.95, 48.65,  ,  ,  , 1.7
21:05:39, 1134, 950, 89462, 3.75, 333.10, 21.89, 48.70,  ,  ,  , 1.7
21:05:40, 1135, 951, 89446, 4.90, 324.40, 21.87, 48.75, 38.5, 43.043310, -87.888832, 1.7
21:05:41, 1137, 953, 89429, 5.80, 317.60, 21.86, 48.80,  ,  ,  , 1.7
21:05:42, 1139, 955, 89412, 3.95, 321.50, 21.83, 48.75,  ,  ,  , 1.6
21:05:43, 1140, 956, 89396, 4.40, 332.90, 21.77, 48.75,  , 43.043420, -87.888940, 1.6
21:05:44, 1142, 958, 89378, 5.40, 327.60, 21.76, 48.80,  ,  ,  , 1.6
21:05:45, 1143, 959, 89362, 4.60, 300.70, 21.74, 48.90,  ,  ,  , 1.6
21:05:46, 1145, 961, 89346, 3.55, 315.40, 21.71, 48.95,  , 43.043520, -87.889045, 1.6
21:05:47, 1146, 962, 89331, 4.55, 338.30, 21.71, 49.05,  ,  ,  , 1.6
21:05:48, 1148, 964, 89315, 4.85, 328.50, 21.77, 49.15,  ,  ,  , 1.6
21:05:49, 1149, 965, 89300, 5.15, 316.00, 21.76, 49.20,  , 43.043632, -87.889135, 1.6
21:05:50, 1151, 967, 89288, 4.25, 326.10, 21.82, 49.25,  ,  ,  , 1.6
21:05:51, 1152, 968, 89276, 5.05, 320.40, 21.81, 49.30,  ,  ,  , 1.5
21:05:52, 1153, 969, 89264, 5.05, 321.10, 21.80, 49.30,  , 43.043742, -87.889245, 1.5
21:05:54, 1157, 973, 89219, 5.65, 320.10, 21.85, 49.35,  ,  ,  , 1.6
21:05:55, 1159, 975, 89198, 4.95, 317.90, 21.85, 49.35,  , 43.043853, -87.889353, 1.6
21:05:58, 1165, 981, 89138, 5.45, 323.00, 21.89, 49.30,  , 43.043967, -87.889438, 1.7
21:06:00, 1168, 984, 89108, 4.85, 337.10, 21.85, 49.30,  ,  ,  , 1.7
21:06:01, 1170, 986, 89094, 4.95, 333.10, 21.81, 49.30,  , 43.044078, -87.889527, 1.7
21:06:03, 1173, 989, 89059, 5.45, 319.50, 21.81, 49.55,  ,  ,  , 1.8
21:06:04, 1175, 991, 89042, 5.05, 332.00, 21.75, 49.70,  , 43.044182, -87.889633, 1.8
21:06:06, 1178, 994, 89010, 4.70, 333.30, 21.70, 50.00,  ,  ,  , 1.8
21:06:07, 1179, 995, 88994, 5.25, 327.50, 21.70, 50.10, 38.8, 43.044293, -87.889712, 1.7
21:06:09, 1183, 999, 88959, 3.70, 334.40, 21.72, 50.40,  ,  ,  , 1.7
21:06:10, 1184, 1000, 88942, 4.30, 331.80, 21.80, 50.45,  , 43.044393, -87.889800, 1.7
21:06:12, 1187, 1003, 88912, 4.10, 324.40, 21.66, 50.50,  ,  ,  , 1.6
21:06:13, 1189, 1005, 88898, 4.10, 334.80, 21.60, 50.60,  , 43.044503, -87.889903, 1.6
21:06:14, 1190, 1006, 88881, 5.70, 328.40, 21.59, 50.70,  ,  ,  , 1.6
21:06:15, 1192, 1008, 88865, 4.30, 315.00, 21.56, 50.80,  ,  ,  , 1.6
21:06:16, 1194, 1010, 88850, 3.90, 322.20, 21.52, 50.90,  , 43.044603, -87.890000, 1.6
21:06:17, 1195, 1011, 88836, 5.20, 335.90, 21.53, 51.05,  ,  ,  , 1.6
21:06:18, 1196, 1012, 88822, 4.75, 325.10, 21.54, 51.10,  ,  ,  , 1.5
21:06:19, 1198, 1014, 88808, 3.80, 315.90, 21.50, 51.15,  , 43.044715, -87.890092, 1.5
21:06:20, 1199, 1015, 88790, 3.85, 315.90, 21.49, 51.20,  ,  ,  , 1.5
21:06:21, 1201, 1017, 88773, 3.85, 315.90, 21.47, 51.30,  ,  ,  , 1.5
21:06:22, 1203, 1019, 88756, 4.50, 321.10, 21.44, 51.35,  , 43.044823, -87.890177, 1.5
21:06:23, 1204, 1020, 88738, 4.60, 333.40, 21.41, 51.35,  ,  ,  , 1.5
21:06:24, 1206, 1022, 88721, 4.70, 333.00, 21.38, 51.40,  ,  ,  , 1.5
21:06:25, 1208, 1024, 88704, 4.60, 315.90, 21.32, 51.45,  , 43.044928, -87.890263, 1.6
21:06:27, 1211, 1027, 88674, 5.00, 333.70, 21.32, 51.65,  ,  ,  , 1.6
21:06:28, 1212, 1028, 88660, 5.05, 314.80, 21.30, 51.70,  , 43.045037, -87.890358, 1.6
21:06:29, 1214, 1030, 88644, 4.60, 321.00, 21.29, 51.75,  ,  ,  , 1.6
21:06:30, 1215, 1031, 88628, 4.40, 334.80, 21.38, 51.80,  ,  ,  , 1.6
21:06:31, 1217, 1033, 88612, 5.65, 317.30, 21.38, 51.80,  , 43.045138, -87.890458, 1.6
21:06:32, 1218, 1034, 88596, 4.45, 314.30, 21.31, 51.75,  ,  ,  , 1.6
21:06:33, 1220, 1036, 88581, 3.30, 323.60, 21.30, 51.75,  ,  ,  , 1.6
21:06:34, 1221, 1037, 88566, 5.45, 332.70, 21.31, 51.80, 38.5, 43.045242, -87.890557, 1.6
21:06:35, 1223, 1039, 88546, 4.75, 325.30, 21.29, 51.80,  ,  ,  , 1.6
21:06:36, 1225, 1041, 88526, 3.75, 325.90, 21.25, 51.85,  ,  ,  , 1.6
21:06:37, 1227, 1043, 88506, 4.85, 326.10, 21.23, 51.90,  , 43.045343, -87.890642, 1.6
21:06:38, 1229, 1045, 88489, 5.05, 330.00, 21.20, 51.95,  ,  ,  , 1.6
21:06:39, 1231, 1047, 88472, 4.10, 333.90, 21.17, 52.00,  ,  ,  , 1.6
21:06:40, 1232, 1048, 88456, 4.50, 322.70, 21.17, 52.05,  , 43.045452, -87.890720, 1.7
21:06:41, 1234, 1050, 88440, 4.60, 327.30, 21.16, 52.10,  ,  ,  , 1.7
21:06:42, 1235, 1051, 88423, 4.60, 327.30, 21.12, 52.15,  ,  ,  , 1.7
21:06:43, 1237, 1053, 88406, 5.05, 325.30, 21.11, 52.20,  , 43.045562, -87.890802, 1.7
21:06:44, 1239, 1055, 88390,  ,  , 21.08, 52.20,  ,  ,  , 1.7
21:06:45, 1240, 1056, 88375,  ,  , 21.03, 52.25,  ,  ,  , 1.7
21:06:46, 1242, 1058, 88360,  ,  , 21.05, 52.35,  ,  ,  , 1.7
21:06:47, 1243, 1059, 88342, 4.90, 325.20, 21.07, 52.40,  ,  ,  , 1.7
21:06:48, 1245, 1061, 88325, 3.80, 332.70, 21.06, 52.40,  ,  ,  , 1.7
21:06:49, 1247, 1063, 88308, 4.50, 331.30, 21.02, 52.40,  , 43.045773, -87.890985, 1.6
21:06:50, 1248, 1064, 88290, 4.75, 323.00, 21.01, 52.45,  ,  ,  , 1.6
21:06:51, 1250, 1066, 88273, 4.00, 321.50, 21.06, 52.45,  ,  ,  , 1.6
21:06:52, 1252, 1068, 88256, 4.85, 336.10, 21.05, 52.40,  , 43.045878, -87.891065, 1.6
21:06:53, 1253, 1069, 88242, 4.95, 328.00, 21.01, 52.40,  ,  ,  , 1.6
21:06:54, 1255, 1071, 88229, 4.20, 317.90, 20.96, 52.35,  ,  ,  , 1.6
21:06:55, 1256, 1072, 88216, 4.35, 336.30, 20.97, 52.35,  , 43.045985, -87.891150, 1.6
21:06:58, 1262, 1078, 88152, 4.25, 331.20, 21.05, 52.25,  , 43.046103, -87.891243, 1.7
21:06:59, 1263, 1079, 88141, 4.40, 340.30, 20.99, 52.20,  ,  ,  , 1.7
21:07:00, 1264, 1080, 88129, 4.65, 322.60, 20.95, 52.15,  ,  ,  , 1.6
21:07:01, 1266, 1082, 88118, 4.85, 329.30, 20.92, 52.20, 38.5, 43.046210, -87.891320, 1.6
21:07:02, 1268, 1084, 88096, 4.35, 342.60, 20.94, 52.25,  ,  ,  , 1.6
21:07:03, 1270, 1086, 88075, 4.90, 328.80, 20.93, 52.30,  ,  ,  , 1.6
21:07:04, 1272, 1088, 88054, 4.60, 323.80, 20.97, 52.35,  , 43.046318, -87.891398, 1.7
21:07:05, 1273, 1089, 88039, 4.00, 331.50, 20.97, 52.35,  ,  ,  , 1.7
21:07:06, 1275, 1091, 88025, 5.35, 330.70, 20.92, 52.35,  ,  ,  , 1.7
21:07:07, 1276, 1092, 88012, 4.60, 332.60, 20.86, 52.40,  , 43.046432, -87.891482, 1.7
21:07:08, 1277, 1093, 87999, 3.70, 330.30, 20.82, 52.45,  ,  ,  , 1.6
21:07:09, 1278, 1094, 87986, 5.05, 332.90, 20.79, 52.50,  ,  ,  , 1.6
21:07:10, 1280, 1096, 87974, 5.20, 322.00, 20.75, 52.60,  , 43.046537, -87.891563, 1.6
21:07:11, 1282, 1098, 87952, 4.20, 319.60, 20.72, 52.65,  ,  ,  , 1.5
21:07:12, 1284, 1100, 87932, 4.55, 341.70, 20.80, 52.70,  ,  ,  , 1.6
21:07:13, 1286, 1102, 87912, 5.10, 343.40, 20.80, 52.70,  , 43.046648, -87.891637, 1.7
21:07:14, 1287, 1103, 87896, 4.65, 319.20, 20.79, 52.70,  ,  ,  , 1.7
21:07:15, 1289, 1105, 87880, 3.85, 337.70, 20.73, 52.70,  ,  ,  , 1.6
21:07:16, 1291, 1107, 87864, 4.55, 336.90, 20.69, 52.70,  , 43.046752, -87.891707, 1.6
21:07:17, 1292, 1108, 87848, 4.85, 317.60, 20.68, 52.70,  ,  ,  , 1.6
21:07:18, 1293, 1109, 87834, 4.25, 334.50, 20.63, 52.70,  ,  ,  , 1.6
21:07:19, 1295, 1111, 87820, 4.50, 342.20, 20.56, 52.75,  , 43.046857, -87.891790, 1.6
21:07:20, 1297, 1113, 87803, 4.70, 321.10, 20.51, 52.80,  ,  ,  , 1.6
21:07:21, 1298, 1114, 87785, 4.70, 324.10, 20.48, 52.90,  ,  ,  , 1.6
21:07:22, 1300, 1116, 87768, 3.70, 347.70, 20.56, 52.95,  , 43.046965, -87.891873, 1.7
21:07:23, 1302, 1118, 87751, 4.45, 337.90, 20.56, 52.95,  ,  ,  , 1.7
21:07:24, 1303, 1119, 87735, 4.65, 321.10, 20.56, 53.00,  ,  ,  , 1.7
21:07:25, 1305, 1121, 87720, 3.60, 326.40, 20.48, 53.00,  , 43.047063, -87.891940, 1.6
21:07:27, 1308, 1124, 87688, 5.05, 329.60, 20.46, 53.10,  ,  ,  , 1.6
21:07:28, 1310, 1126, 87672, 4.80, 319.30, 20.46, 53.15, 38.2, 43.047167, -87.892013, 1.6
21:07:29, 1311, 1127, 87655, 3.55, 346.80, 20.46, 53.15,  ,  ,  , 1.6
21:07:30, 1313, 1129, 87638, 3.75, 341.30, 20.42, 53.25,  ,  ,  , 1.6
21:07:31, 1315, 1131, 87622, 4.40, 323.30, 20.46, 53.30,  , 43.047267, -87.892077, 1.6
21:07:32, 1316, 1132, 87607, 4.55, 338.60, 20.42, 53.35,  ,  ,  , 1.6
21:07:33, 1317, 1133, 87592, 3.90, 340.00, 20.38, 53.35,  ,  ,  , 1.6
21:07:34, 1319, 1135, 87578, 4.05, 323.20, 20.34, 53.40,  , 43.047375, -87.892145, 1.6
21:07:35, 1320, 1136, 87565, 4.55, 333.20, 20.34, 53.45,  ,  ,  , 1.5
21:07:36, 1321, 1137, 87552, 4.70, 342.10, 20.38, 53.55,  ,  ,  , 1.5
21:07:37, 1323, 1139, 87540, 5.90, 334.40, 20.37, 53.55,  , 43.047495, -87.892220, 1.5
21:07:38, 1324, 1140, 87521, 3.75, 324.80, 20.32, 53.50,  ,  ,  , 1.5
21:07:39, 1326, 1142, 87502, 3.70, 336.50, 20.35, 53.55,  ,  ,  , 1.5
21:07:40, 1328, 1144, 87484, 5.80, 329.80, 20.37, 53.55,  , 43.047598, -87.892293, 1.6
21:07:41, 1330, 1146, 87467, 4.15, 329.50, 20.34, 53.55,  ,  ,  , 1.6
21:07:42, 1332, 1148, 87450, 3.05, 327.30, 20.33, 53.55,  ,  ,  , 1.6
21:07:43, 1333, 1149, 87434, 5.00, 324.50, 20.32, 53.55,  , 43.047693, -87.892368, 1.6
21:07:44, 1335, 1151, 87416, 4.35, 333.70, 20.33, 53.55,  ,  ,  , 1.6
21:07:45, 1337, 1153, 87399, 3.60, 334.20, 20.46, 53.60,  ,  ,  , 1.6
21:07:46, 1338, 1154, 87382, 4.20, 331.60, 20.50, 53.50,  , 43.047793, -87.892432, 1.6
21:07:47, 1340, 1156, 87365, 4.10, 332.40, 20.52, 53.40,  ,  ,  , 1.6
21:07:48, 1342, 1158, 87348, 3.45, 330.20, 20.50, 53.30,  ,  ,  , 1.7
21:07:49, 1343, 1159, 87332, 4.40, 343.40, 20.48, 53.20,  , 43.047898, -87.892497, 1.7
21:07:50, 1345, 1161, 87316,  ,  , 20.46, 53.15,  ,  ,  , 1.7
21:07:51, 1346, 1162, 87301,  ,  , 20.46, 53.10,  ,  ,  , 1.7
21:07:52, 1348, 1164, 87286,  ,  , 20.42, 53.10,  ,  ,  , 1.6
21:07:53, 1350, 1166, 87269, 4.25, 339.90, 20.35, 53.15,  ,  ,  , 1.6
21:07:54, 1351, 1167, 87253, 4.25, 326.10, 20.33, 53.20,  ,  ,  , 1.6
21:07:55, 1353, 1169, 87238, 4.25, 341.30, 20.25, 53.30, 38.0, 43.048102, -87.892625, 1.6
21:07:58, 1356, 1172, 87208, 3.80, 340.50, 20.12, 53.60,  , 43.048210, -87.892685, 1.5
21:07:59, 1358, 1174, 87184, 4.00, 339.50, 20.16, 53.70,  ,  ,  , 1.5
21:08:00, 1360, 1176, 87162, 5.30, 327.20, 20.17, 53.75,  ,  ,  , 1.5
21:08:01, 1362, 1178, 87140, 4.15, 330.00, 20.19, 53.80,  , 43.048315, -87.892753, 1.6
21:08:02, 1364, 1180, 87125, 3.30, 336.70, 20.19, 53.80,  ,  ,  , 1.6
21:08:03, 1365, 1181, 87110, 5.10, 339.00, 20.13, 53.80,  ,  ,  , 1.6
21:08:04, 1367, 1183, 87096, 4.40, 330.10, 20.11, 53.85,  , 43.048422, -87.892818, 1.6
21:08:05, 1368, 1184, 87079, 3.15, 328.20, 20.09, 53.85,  ,  ,  , 1.6
21:08:06, 1370, 1186, 87063, 4.50, 348.20, 20.05, 53.95,  ,  ,  , 1.6
21:08:07, 1372, 1188, 87048, 4.70, 341.40, 20.02, 53.95,  , 43.048520, -87.892872, 1.6
21:08:08, 1373, 1189, 87033, 3.85, 325.40, 20.04, 54.05,  ,  ,  , 1.6
21:08:09, 1375, 1191, 87017, 4.00, 341.20, 20.02, 54.10,  ,  ,  , 1.6
21:08:10, 1376, 1192, 87002, 4.25, 344.90, 19.98, 54.15,  , 43.048622, -87.892930, 1.7
21:08:11, 1378, 1194, 86985, 3.80, 335.10, 19.99, 54.15,  ,  ,  , 1.7
21:08:12, 1379, 1195, 86968, 4.45, 333.30, 19.97, 54.20,  ,  ,  , 1.7
21:08:13, 1381, 1197, 86952, 4.10, 338.60, 19.95, 54.25,  , 43.048725, -87.892992, 1.6
21:08:14, 1383, 1199, 86934, 3.20, 335.10, 19.92, 54.30,  ,  ,  , 1.6
21:08:15, 1385, 1201, 86917, 3.85, 343.90, 19.88, 54.35,  ,  ,  , 1.6
21:08:16, 1386, 1202, 86900, 4.55, 335.80, 19.88, 54.45,  , 43.048820, -87.893042, 1.6
21:08:17, 1388, 1204, 86886, 4.45, 317.40, 19.86, 54.50,  ,  ,  , 1.6
21:08:18, 1389, 1205, 86872, 2.90, 333.80, 19.80, 54.55,  ,  ,  , 1.6
21:08:19, 1390, 1206, 86858, 3.65, 346.30, 19.74, 54.60,  , 43.048912, -87.893110, 1.6
21:08:20, 1392, 1208, 86840, 5.20, 332.30, 19.72, 54.70,  ,  ,  , 1.6
21:08:21, 1394, 1210, 86822, 3.70, 323.50, 19.69, 54.80,  ,  ,  , 1.6
21:08:22, 1396, 1212, 86804, 2.95, 335.30, 19.64, 54.90, 38.0, 43.049012, -87.893177, 1.6
21:08:24, 1399, 1215, 86774, 3.90, 334.50, 19.58, 55.10,  ,  ,  , 1.6
21:08:25, 1400, 1216, 86760, 3.50, 318.30, 19.54, 55.15,  , 43.049108, -87.893233, 1.6
21:08:28, 1405, 1221, 86712, 3.70, 333.50, 19.67, 55.35,  , 43.049212, -87.893302, 1.6
21:08:30, 1408, 1224, 86679, 4.05, 320.00, 19.75, 55.30,  ,  ,  , 1.6
21:08:31, 1410, 1226, 86664, 3.10, 332.60, 19.74, 55.20,  , 43.049313, -87.893365, 1.6
21:08:33, 1413, 1229, 86630, 4.85, 335.40, 19.91, 55.10,  ,  ,  , 1.6
21:08:34, 1415, 1231, 86614, 3.75, 327.90, 19.89, 55.00,  , 43.049425, -87.893410, 1.6
21:08:36, 1417, 1233, 86592, 4.00, 343.40, 19.94, 54.80,  ,  ,  , 1.5
21:08:37, 1418, 1234, 86582, 3.90, 333.60, 19.86, 54.70,  , 43.049527, -87.893450, 1.5
21:08:39, 1422, 1238, 86541, 4.80, 349.80, 19.70, 54.65,  ,  ,  , 1.6
21:08:40, 1424, 1240, 86522, 4.85, 339.40, 19.67, 54.70,  , 43.049635, -87.893495, 1.6
21:08:42, 1427, 1243, 86490, 4.35, 346.30, 19.52, 54.90,  ,  ,  , 1.6
21:08:43, 1429, 1245, 86474, 5.15, 341.00, 19.51, 55.00,  , 43.049735, -87.893545, 1.6
21:08:44, 1430, 1246, 86462, 3.70, 344.40, 19.46, 55.10,  ,  ,  , 1.5
21:08:45, 1431, 1247, 86452, 3.70, 342.70, 19.42, 55.20,  ,  ,  , 1.5
21:08:46, 1432, 1248, 86442, 4.70, 342.00, 19.40, 55.25,  , 43.049843, -87.893592, 1.4
21:08:47, 1434, 1250, 86422, 4.20, 342.60, 19.37, 55.30,  ,  ,  , 1.5
21:08:48, 1436, 1252, 86402, 3.55, 345.60, 19.39, 55.45,  ,  ,  , 1.6
21:08:49, 1438, 1254, 86382, 4.80, 348.20, 19.47, 55.45, 37.5, 43.049950, -87.893632, 1.7
21:08:50, 1439, 1255, 86368, 5.65, 331.50, 19.46, 55.45,  ,  ,  , 1.6
21:08:51, 1441, 1257, 86355, 3.55, 330.90, 19.42, 55.45,  ,  ,  , 1.6
21:08:52, 1442, 1258, 86342, 3.25, 0.60, 19.38, 55.45,  , 43.050057, -87.893687, 1.5
21:08:53, 1444, 1260, 86322, 4.80, 339.80, 19.40, 55.45,  ,  ,  , 1.5
21:08:54, 1446, 1262, 86303, 4.55, 331.60, 19.39, 55.50,  ,  ,  , 1.6
21:08:55, 1448, 1264, 86284, 3.40, 351.20, 19.36, 55.50,  , 43.050160, -87.893730, 1.6
21:08:56, 1449, 1265, 86271, 4.20, 346.40, 19.38, 55.55,  ,  ,  , 1.6
21:08:57, 1450, 1266, 86258, 4.75, 332.60, 19.36, 55.55,  ,  ,  , 1.6
21:08:58, 1452, 1268, 86246, 3.70, 346.90, 19.32, 55.55,  , 43.050267, -87.893775, 1.6
21:08:59, 1453, 1269, 86228, 3.35, 336.10, 19.25, 55.55,  ,  ,  , 1.6
21:09:00, 1455, 1271, 86212, 4.45, 337.30, 19.24, 55.55,  ,  ,  , 1.6
21:09:01, 1457, 1273, 86196, 4.35, 351.70, 19.20, 55.60,  , 43.050367, -87.893822, 1.6
21:09:02, 1458, 1274, 86185, 4.20, 344.40, 19.18, 55.65,  ,  ,  , 1.5
21:09:03, 1459, 1275, 86173, 3.45, 330.90, 19.14, 55.70,  ,  ,  , 1.5
21:09:04, 1460, 1276, 86162, 3.40, 332.90, 19.10, 55.80,  , 43.050463, -87.893868, 1.5
21:09:05, 1462, 1278, 86141, 4.80, 342.20, 19.10, 55.90,  ,  ,  , 1.6
21:09:06, 1464, 1280, 86120, 3.95, 332.60, 19.16, 55.95,  ,  ,  , 1.6
21:09:07, 1466, 1282, 86100, 2.95, 328.70, 19.22, 56.00,  , 43.050567, -87.893918, 1.6
21:09:08, 1468, 1284, 86083, 4.10, 346.50, 19.20, 55.95,  ,  ,  , 1.6
21:09:09, 1470, 1286, 86067, 4.10, 344.80, 19.17, 55.90,  ,  ,  , 1.6
21:09:10, 1471, 1287, 86052, 3.50, 334.90, 19.14, 55.90,  , 43.050673, -87.893947, 1.6
21:09:11, 1472, 1288, 86041, 4.00, 353.40, 19.09, 55.80,  ,  ,  , 1.6
21:09:12, 1473, 1289, 86029, 4.40, 343.40, 19.09, 55.75,  ,  ,  , 1.5
21:09:13, 1474, 1290, 86018, 5.10, 333.20, 19.07, 55.70,  , 43.050785, -87.893992, 1.5
21:09:14, 1477, 1293, 85997, 4.90, 345.20, 19.09, 55.65,  ,  ,  , 1.6
21:09:15, 1478, 1294, 85978, 4.10, 346.80, 19.16, 55.60,  ,  ,  , 1.6
21:09:16, 1480, 1296, 85960, 4.10, 333.60, 19.18, 55.50, 37.2, 43.050898, -87.894040, 1.7
21:09:17, 1482, 1298, 85943, 4.60, 336.60, 19.20, 55.35,  ,  ,  , 1.7
21:09:18, 1484, 1300, 85925, 3.50, 343.20, 19.22, 55.30,  ,  ,  , 1.6
21:09:19, 1486, 1302, 85908, 3.35, 341.80, 19.19, 55.25,  , 43.050998, -87.894082, 1.6
21:09:20, 1487, 1303, 85897, 4.60, 349.80, 19.15, 55.20,  ,  ,  , 1.6
21:09:21, 1488, 1304, 85886, 4.10, 342.70, 19.09, 55.20,  ,  ,  , 1.5
21:09:22, 1489, 1305, 85876, 3.90, 335.10, 19.04, 55.25,  , 43.051103, -87.894118, 1.5
21:09:23, 1491, 1307, 85858, 4.15, 352.90, 19.07, 55.30,  ,  ,  , 1.5
21:09:24, 1492, 1308, 85840, 4.05, 352.10, 19.07, 55.35,  ,  ,  , 1.6
21:09:25, 1494, 1310, 85822, 3.80, 338.60, 19.04, 55.35,  , 43.051207, -87.894143, 1.6
21:09:28, 1499, 1315, 85770, 4.15, 339.60, 19.16, 55.40,  , 43.051312, -87.894180, 1.6
21:09:29, 1501, 1317, 85756, 3.95, 356.30, 19.10, 55.35,  ,  ,  , 1.6
21:09:30, 1502, 1318, 85743, 4.20, 348.70, 19.04, 55.30,  ,  ,  , 1.5
21:09:31, 1503, 1319, 85730, 4.00, 331.40, 18.99, 55.35,  , 43.051413, -87.894212, 1.5
21:09:32, 1505, 1321, 85714, 3.40, 347.70, 18.94, 55.40,  ,  ,  , 1.5
21:09:33, 1507, 1323, 85699, 4.00, 358.60, 18.99, 55.45,  ,  ,  , 1.6
21:09:34, 1508, 1324, 85684, 5.30, 342.10, 19.03, 55.50,  , 43.051520, -87.894240, 1.6
21:09:35, 1510, 1326, 85665, 3.35, 336.40, 19.04, 55.50,  ,  ,  , 1.6
21:09:36, 1512, 1328, 85647, 2.60, 346.80, 19.01, 55.50,  ,  ,  , 1.6
21:09:37, 1514, 1330, 85630, 4.65, 351.40, 18.95, 55.50,  , 43.051613, -87.894277, 1.6
21:09:38, 1515, 1331, 85616, 4.05, 349.70, 18.91, 55.55,  ,  ,  , 1.6
21:09:39, 1516, 1332, 85602, 3.05, 342.90, 18.88, 55.60,  ,  ,  , 1.6
21:09:40, 1518, 1334, 85588, 4.25, 348.70, 18.85, 55.65,  , 43.051710, -87.894303, 1.5
21:09:41, 1519, 1335, 85576, 4.20, 345.70, 18.83, 55.70,  ,  ,  , 1.5
21:09:42, 1520, 1336, 85565, 3.10, 339.20, 18.76, 55.75,  ,  ,  , 1.5
21:09:43, 1521, 1337, 85554, 3.60, 358.10, 18.77, 55.85, 37.0, 43.051808, -87.894338, 1.5
21:09:44, 1523, 1339, 85532, 3.90, 347.70, 18.85, 55.85,  ,  ,  , 1.5
21:09:45, 1526, 1342, 85511, 5.10, 332.60, 18.85, 55.90,  ,  ,  , 1.6
21:09:46, 1528, 1344, 85490, 4.10, 346.70, 18.83, 55.90,  , 43.051917, -87.894377, 1.6
21:09:47, 1529, 1345, 85476, 3.65, 359.50, 18.78, 55.95,  ,  ,  , 1.6
21:09:48, 1530, 1346, 85462, 3.15, 339.00, 18.76, 55.95,  ,  ,  , 1.6
21:09:49, 1532, 1348, 85448, 3.65, 345.40, 18.74, 55.95,  , 43.052005, -87.894398, 1.6
21:09:50, 1533, 1349, 85437, 3.65, 358.50, 18.71, 56.00,  ,  ,  , 1.5
21:09:51, 1534, 1350, 85426, 3.25, 335.90, 18.65, 56.00,  ,  ,  , 1.5
21:09:52, 1535, 1351, 85416, 3.15, 341.10, 18.63, 56.05,  , 43.052095, -87.894425, 1.5
21:09:53, 1537, 1353, 85395, 3.65, 357.50, 18.72, 56.20,  ,  ,  , 1.5
21:09:54, 1539, 1355, 85375, 4.90, 1.90, 18.78, 56.20,  ,  ,  , 1.6
21:09:55, 1541, 1357, 85356, 3.60, 345.50, 18.75, 56.15,  , 43.052202, -87.894430, 1.6
21:09:56, 1542, 1358, 85346, 3.35, 1.20, 18.71, 56.15,  ,  ,  , 1.6
21:09:57, 1543, 1359, 85338, 3.65, 345.00, 18.65, 56.05,  ,  ,  , 1.5
21:09:58, 1544, 1360, 85330, 3.50, 342.30, 18.61, 56.10,  , 43.052293, -87.894452, 1.3
21:09:59, 1546, 1362, 85307, 3.20, 5.00, 18.68, 56.20,  ,  ,  , 1.4
21:10:00, 1549, 1365, 85282, 3.60, 345.20, 18.80, 56.20,  ,  ,  , 1.5
21:10:01, 1551, 1367, 85258, 3.60, 334.80, 18.81, 56.15,  , 43.052387, -87.894472, 1.6
21:10:02, 1553, 1369, 85242, 2.70, 359.20, 18.77, 56.05,  ,  ,  , 1.6
21:10:03, 1554, 1370, 85228, 3.75, 356.30, 18.71, 55.95,  ,  ,  , 1.7
21:10:04, 1556, 1372, 85214, 4.15, 346.20, 18.64, 55.95,  , 43.052480, -87.894490, 1.7
21:10:05, 1557, 1373, 85201, 2.95, 347.70, 18.61, 55.95,  ,  ,  , 1.6
21:10:06, 1558, 1374, 85188, 3.50, 346.60, 18.58, 56.00,  ,  ,  , 1.6
21:10:07, 1559, 1375, 85176, 4.35, 346.30, 18.58, 56.05,  , 43.052568, -87.894518, 1.5
21:10:08, 1561, 1377, 85161, 2.80, 353.80, 18.54, 56.15,  ,  ,  , 1.5
21:10:09, 1562, 1378, 85145, 3.25, 359.80, 18.50, 56.15,  ,  ,  , 1.6
21:10:10, 1564, 1380, 85130, 4.55, 352.30, 18.49, 56.25, 37.0, 43.052663, -87.894535, 1.6
21:10:11, 1565, 1381, 85115, 3.05, 342.00, 18.44, 56.25,  ,  ,  , 1.6
21:10:12, 1567, 1383, 85101, 2.70, 345.90, 18.41, 56.35,  ,  ,  , 1.5
21:10:13, 1568, 1384, 85088, 4.15, 352.80, 18.44, 56.45,  , 43.052753, -87.894560, 1.4
21:10:14, 1570, 1386, 85070, 3.85, 338.50, 18.44, 56.50,  ,  ,  , 1.5
21:10:15, 1572, 1388, 85053, 2.50, 338.40, 18.45, 56.50,  ,  ,  , 1.5
21:10:16, 1574, 1390, 85036, 3.50, 352.50, 18.50, 56.60,  , 43.052843, -87.894583, 1.5
21:10:17, 1575, 1391, 85026, 3.70, 348.40, 18.54, 56.60,  ,  ,  , 1.5
21:10:18, 1576, 1392, 85016, 3.70, 335.70, 18.49, 56.55,  ,  ,  , 1.4
21:10:19, 1577, 1393, 85006, 3.20, 359.10, 18.47, 56.55,  , 43.052943, -87.894602, 1.4
21:10:20, 1579, 1395, 84985, 3.60, 2.30, 18.48, 56.55,  ,  ,  , 1.5
21:10:21, 1581, 1397, 84965, 3.80, 337.00, 18.45, 56.55,  ,  ,  , 1.5
21:10:22, 1583, 1399, 84946, 3.10, 357.50, 18.41, 56.55,  , 43.053038, -87.894613, 1.6
21:10:23, 1584, 1400, 84929, 3.35, 1.80, 18.36, 56.55,  ,  ,  , 1.6
21:10:24, 1586, 1402, 84912, 3.70, 341.60, 18.35, 56.60,  ,  ,  , 1.6
21:10:25, 1588, 1404, 84896, 3.20, 359.40, 18.30, 56.65,  , 43.053130, -87.894620, 1.6
21:10:28, 1592, 1408, 84852, 3.25, 354.90, 18.19, 56.90,  , 43.053218, -87.894625, 1.6
21:10:29, 1594, 1410, 84839, 3.05, 7.70, 18.14, 56.95,  ,  ,  , 1.6
21:10:30, 1595, 1411, 84827, 3.55, 342.60, 18.09, 57.10,  ,  ,  , 1.6
21:10:31, 1596, 1412, 84816, 3.45, 343.50, 18.07, 57.20,  , 43.053315, -87.894633, 1.6
21:10:32, 1598, 1414, 84798, 2.60, 5.10, 18.18, 57.35,  ,  ,  , 1.6
21:10:33, 1599, 1415, 84780, 3.30, 8.50, 18.18, 57.40,  ,  ,  , 1.6
21:10:34, 1601, 1417, 84762, 3.70, 354.70, 18.15, 57.40,  , 43.053412, -87.894613, 1.6
21:10:35, 1602, 1418, 84751, 2.40, 7.80, 18.11, 57.40,  ,  ,  , 1.5
21:10:36, 1604, 1420, 84740, 3.35, 3.50, 18.06, 57.40,  ,  ,  , 1.5
21:10:37, 1605, 1421, 84730, 4.20, 0.60, 18.06, 57.50, 36.5, 43.053503, -87.894607, 1.4
21:10:38, 1607, 1423, 84709, 3.25, 343.00, 18.03, 57.60,  ,  ,  , 1.5
21:10:39, 1609, 1425, 84688, 3.05, 359.70, 18.04, 57.65,  ,  ,  , 1.5
21:10:40, 1611, 1427, 84668, 3.50, 6.30, 18.17, 57.70,  , 43.053593, -87.894617, 1.6
21:10:41, 1613, 1429, 84651, 5.35, 4.10, 18.21, 57.65,  ,  ,  , 1.6
21:10:42, 1614, 1430, 84635, 3.55, 344.90, 18.20, 57.55,  ,  ,  , 1.6
21:10:43, 1616, 1432, 84620, 3.20, 13.10, 18.31, 57.45,  , 43.053698, -87.894617, 1.6
21:10:44, 1617, 1433, 84605, 2.70, 356.10, 18.33, 57.35,  ,  ,  , 1.6
21:10:45, 1619, 1435, 84591, 3.35, 0.60, 18.27, 57.20,  ,  ,  , 1.6
21:10:46, 1620, 1436, 84578, 3.85, 5.00, 18.20, 57.10,  , 43.053785, -87.894608, 1.6
21:10:47, 1622, 1438, 84563, 4.05, 353.10, 18.18, 57.05,  ,  ,  , 1.6
21:10:48, 1623, 1439, 84548, 2.85, 355.10, 18.11, 57.00,  ,  ,  , 1.6
21:10:49, 1625, 1441, 84534, 2.85, 13.90, 18.03, 57.05,  , 43.053870, -87.894612, 1.6
21:10:50, 1626, 1442, 84518, 4.25, 0.50, 18.02, 57.10,  ,  ,  , 1.7
21:10:51, 1628, 1444, 84502, 3.55, 354.60, 17.98, 57.15,  ,  ,  , 1.6
21:10:52, 1629, 1445, 84486, 2.95, 0.70, 17.99, 57.25,  , 43.053967, -87.894615, 1.6
21:10:54, 1633, 1449, 84454, 4.05, 2.80, 17.99, 57.35,  ,  ,  , 1.6
21:10:55, 1634, 1450, 84438, 3.25, 11.40, 17.97, 57.35,  , 43.054067, -87.894607, 1.6
21:10:58, 1639, 1455, 84394, 3.10, 10.00, 17.87, 57.40,  , 43.054152, -87.894607, 1.6
21:11:00, 1641, 1457, 84373, 3.40, 345.60, 17.81, 57.40,  ,  ,  , 1.5
21:11:01, 1642, 1458, 84364, 2.75, 349.50, 17.77, 57.45,  , 43.054252, -87.894607, 1.4
21:11:03, 1645, 1461, 84330, 4.10, 353.70, 17.80, 57.55,  ,  ,  , 1.5
21:11:04, 1647, 1463, 84314, 2.75, 347.70, 17.76, 57.60, 36.5, 43.054350, -87.894615, 1.5
21:11:06, 1651, 1467, 84276, 4.55, 352.30, 17.85, 57.55,  ,  ,  , 1.5
21:11:07, 1653, 1469, 84258, 4.20, 344.10, 17.84, 57.50,  , 43.054452, -87.894620, 1.5
21:11:09, 1656, 1472, 84228, 2.90, 6.30, 17.87, 57.35,  ,  ,  , 1.5
21:11:10, 1657, 1473, 84214, 3.10, 345.60, 17.84, 57.25,  , 43.054540, -87.894622, 1.5
21:11:12, 1661, 1477, 84179, 3.85, 354.70, 17.87, 57.10,  ,  ,  , 1.6
21:11:13, 1662, 1478, 84162, 2.45, 346.00, 17.91, 57.05,  , 43.054642, -87.894625, 1.7
21:11:15, 1666, 1482, 84132, 4.15, 356.90, 17.96, 56.90,  ,  ,  , 1.7
21:11:16, 1667, 1483, 84118, 3.55, 339.40, 17.91, 56.75,  , 43.054740, -87.894627, 1.7
21:11:17, 1669, 1485, 84100, 3.35, 7.50, 17.84, 56.65,  ,  ,  , 1.7
21:11:18, 1671, 1487, 84083, 4.20, 0.50, 17.79, 56.60,  ,  ,  , 1.6
21:11:19, 1672, 1488, 84066, 4.40, 341.60, 17.75, 56.55,  , 43.054837, -87.894630, 1.6
21:11:20, 1674, 1490, 84053, 3.35, 357.20, 17.69, 56.55,  ,  ,  , 1.6
21:11:21, 1675, 1491, 84039, 3.65, 14.60, 17.64, 56.55,  ,  ,  , 1.6
21:11:22, 1676, 1492, 84026, 4.20, 346.50, 17.59, 56.60,  , 43.054928, -87.894635, 1.6
21:11:23, 1678, 1494, 84010, 3.85, 344.90, 17.55, 56.65,  ,  ,  , 1.6
21:11:24, 1679, 1495, 83996, 3.65, 6.40, 17.52, 56.70,  ,  ,  , 1.6
21:11:25, 1681, 1497, 83982, 4.10, 348.00, 17.56, 56.70,  , 43.055030, -87.894650, 1.5
21:11:27, 1684, 1500, 83948, 3.65, 357.00, 17.52, 56.70,  ,  ,  , 1.6
21:11:28, 1686, 1502, 83932, 3.70, 354.60, 17.52, 56.70,  , 43.055128, -87.894673, 1.6
21:11:29, 1687, 1503, 83918, 3.80, 341.50, 17.53, 56.65,  ,  ,  , 1.6
21:11:30, 1689, 1505, 83905, 3.25, 359.60, 17.48, 56.70,  ,  ,  , 1.5
21:11:31, 1690, 1506, 83892, 3.60, 359.60, 17.44, 56.65, 36.0, 43.055218, -87.894688, 1.5
21:11:32, 1692, 1508, 83876, 4.50, 338.70, 17.44, 56.65,  ,  ,  , 1.5
21:11:33, 1693, 1509, 83861, 3.50, 350.10, 17.38, 56.70,  ,  ,  , 1.5
21:11:34, 1695, 1511, 83846, 2.95, 352.00, 17.33, 56.75,  , 43.055318, -87.894717, 1.5
21:11:35, 1696, 1512, 83830, 3.10, 339.90, 17.29, 56.80,  ,  ,  , 1.5
21:11:36, 1698, 1514, 83814, 4.10, 346.50, 17.27, 56.80,  ,  ,  , 1.6
21:11:37, 1700, 1516, 83798, 4.10, 355.00, 17.22, 56.90,  , 43.055415, -87.894742, 1.6
21:11:38, 1701, 1517, 83783, 2.95, 338.20, 17.20, 57.00,  ,  ,  , 1.6
21:11:39, 1703, 1519, 83768, 3.20, 345.10, 17.16, 57.05,  ,  ,  , 1.6
21:11:40, 1704, 1520, 83754, 3.60, 357.50, 17.14, 57.10,  , 43.055507, -87.894767, 1.5
21:11:41, 1706, 1522, 83739, 3.55, 343.20, 17.15, 57.15,  ,  ,  , 1.5
21:11:42, 1707, 1523, 83724, 3.60, 340.40, 17.16, 57.20,  ,  ,  , 1.5
21:11:43, 1709, 1525, 83710, 3.05, 0.30, 17.14, 57.25,  , 43.055607, -87.894795, 1.5
21:11:44, 1710, 1526, 83698, 3.50, 346.00, 17.15, 57.25,  ,  ,  , 1.5
21:11:45, 1711, 1527, 83687, 3.75, 331.00, 17.15, 57.30,  ,  ,  , 1.5
21:11:46, 1712, 1528, 83676, 3.25, 342.70, 17.12, 57.30,  , 43.055702, -87.894833, 1.5
21:11:47, 1714, 1530, 83658, 3.55, 339.40, 17.08, 57.30,  ,  ,  , 1.5
21:11:48, 1716, 1532, 83641, 4.90, 330.40, 17.07, 57.35,  ,  ,  , 1.5
21:11:49, 1718, 1534, 83624, 4.65, 339.20, 17.11, 57.40,  , 43.055815, -87.894890, 1.5
21:11:50, 1719, 1535, 83607, 4.65, 339.20, 17.29, 57.45,  ,  ,  , 1.5
21:11:51, 1721, 1537, 83590, 4.60, 352.90, 17.30, 57.40,  ,  ,  , 1.5
21:11:52, 1723, 1539, 83574, 3.25, 342.10, 17.25, 57.30,  , 43.055930, -87.894902, 1.5
21:11:53, 1724, 1540, 83561, 4.20, 358.70, 17.20, 57.25,  ,  ,  , 1.5
21:11:54, 1725, 1541, 83548, 4.45, 341.50, 17.20, 57.25,  ,  ,  , 1.5
21:11:55, 1727, 1543, 83536, 3.80, 338.30, 17.14, 57.25,  , 43.056037, -87.894930, 1.5
21:11:58, 1731, 1547, 83490, 4.40, 333.40, 17.07, 57.60, 35.8, 43.056140, -87.894973, 1.6
21:11:59, 1733, 1549, 83472, 3.35, 359.30, 17.07, 57.70,  ,  ,  , 1.6
21:12:00, 1735, 1551, 83455, 3.45, 352.90, 17.06, 57.85,  ,  ,  , 1.6
21:12:01, 1737, 1553, 83438, 4.35, 333.50, 17.07, 57.95,  , 43.056240, -87.894987, 1.6
21:12:02, 1738, 1554, 83426, 3.10, 337.70, 17.02, 58.00,  ,  ,  , 1.6
21:12:03, 1739, 1555, 83415, 3.60, 348.70, 17.00, 58.10,  ,  ,  , 1.5
21:12:04, 1740, 1556, 83404, 4.55, 336.40, 16.99, 58.15,  , 43.056337, -87.895033, 1.5
21:12:05, 1742, 1558, 83389, 3.35, 326.70, 16.95, 58.20,  ,  ,  , 1.5
21:12:06, 1743, 1559, 83374, 3.10, 333.00, 16.92, 58.25,  ,  ,  , 1.5
21:12:07, 1745, 1561, 83360, 5.30, 341.40, 16.92, 58.30,  , 43.056435, -87.895087, 1.5
21:12:08, 1747, 1563, 83341, 3.95, 333.40, 16.94, 58.35,  ,  ,  , 1.5
21:12:09, 1748, 1564, 83323, 2.85, 340.00, 16.96, 58.45,  ,  ,  , 1.6
21:12:10, 1750, 1566, 83306, 4.00, 348.30, 16.99, 58.50,  , 43.056533, -87.895123, 1.6
21:12:11, 1752, 1568, 83290, 4.60, 335.70, 17.05, 58.50,  ,  ,  , 1.6
21:12:12, 1753, 1569, 83274, 2.40, 337.70, 17.08, 58.50,  ,  ,  , 1.6
21:12:13, 1755, 1571, 83258, 3.00, 5.10, 17.15, 58.45,  , 43.056623, -87.895150, 1.6
21:12:14, 1757, 1573, 83244, 3.85, 345.20, 17.20, 58.35,  ,  ,  , 1.6
21:12:15, 1758, 1574, 83231, 4.15, 329.10, 17.12, 58.20,  ,  ,  , 1.6
21:12:16, 1759, 1575, 83218, 3.50, 352.30, 17.05, 58.05,  , 43.056723, -87.895187, 1.6
21:12:17, 1761, 1577, 83202, 3.75, 358.20, 16.98, 57.95,  ,  ,  , 1.6
21:12:18, 1763, 1579, 83185, 4.30, 339.70, 16.97, 57.85,  ,  ,  , 1.6
21:12:19, 1764, 1580, 83168, 3.45, 348.90, 16.94, 57.80,  , 43.056823, -87.895205, 1.6
21:12:20, 1766, 1582, 83151, 3.00, 355.90, 16.94, 57.70,  ,  ,  , 1.6
21:12:21, 1768, 1584, 83135, 3.95, 343.90, 16.91, 57.60,  ,  ,  , 1.6
21:12:22, 1769, 1585, 83120, 3.45, 346.80, 16.89, 57.60,  , 43.056917, -87.895227, 1.6
21:12:23, 1771, 1587, 83103, 2.90, 355.20, 16.88, 57.65,  ,  ,  , 1.6
21:12:24, 1773, 1589, 83086, 4.00, 342.40, 16.86, 57.65,  ,  ,  , 1.6
21:12:25, 1775, 1591, 83070, 3.55, 348.20, 16.84, 57.65, 35.5, 43.057010, -87.895252, 1.6
21:12:27, 1777, 1593, 83043, 3.75, 341.20, 16.84, 57.75,  ,  ,  , 1.6
21:12:28, 1779, 1595, 83030, 3.65, 348.20, 16.82, 57.80,  , 43.057100, -87.895277, 1.6
21:12:29, 1780, 1596, 83014, 2.75, 357.00, 16.82, 57.85,  ,  ,  , 1.6
21:12:30, 1782, 1598, 82999, 3.85, 350.40, 16.80, 57.90,  ,  ,  , 1.6
21:12:31, 1783, 1599, 82984, 3.85, 344.40, 16.81, 57.95,  , 43.057190, -87.895298, 1.6
21:12:32, 1785, 1601, 82968, 2.55, 338.70, 16.84, 57.95,  ,  ,  , 1.6
21:12:33, 1787, 1603, 82953, 3.75, 354.80, 16.82, 57.90,  ,  ,  , 1.6
21:12:34, 1788, 1604, 82938, 4.00, 355.30, 16.88, 57.85,  , 43.057283, -87.895328, 1.6
21:12:36, 1789, 1605, 82926, 3.05, 341.80, 16.94, 57.65,  ,  ,  , 1.4
21:12:37, 1790, 1606, 82920, 2.00, 359.10, 16.78, 57.60,  , 43.057367, -87.895348, 1.3
21:12:38, 1783, 1599, 82990, 2.25, 353.40, 16.59, 57.60,  ,  ,  , 0.6
21:12:39, 1776, 1592, 83060, 2.00, 354.80, 16.43, 57.75,  ,  ,  , -0.1
21:12:40, 1768, 1584, 83130, 2.80, 328.80, 16.33, 57.90,  , 43.057427, -87.895368, -0.9
21:12:41, 1760, 1576, 83206, 3.60, 330.20, 16.24, 58.25,  ,  ,  , -1.4
21:12:42, 1752, 1568, 83289, 4.35, 338.10, 16.26, 58.70,  ,  ,  , -2.2
21:12:43, 1743, 1559, 83372, 4.15, 0.30, 16.25, 59.10,  , 43.057527, -87.895413, -3.0
21:12:44, 1735, 1551, 83458, 2.60, 0.50, 16.23, 59.45,  ,  ,  , -3.8
21:12:45, 1726, 1542, 83543, 2.25, 336.70, 16.23, 59.70,  ,  ,  , -4.6
21:12:46, 1717, 1533, 83628, 2.45, 356.60, 16.28, 59.85,  , 43.057600, -87.895428, -5.4
21:12:47, 1708, 1524, 83714, 2.80, 349.90, 16.31, 59.95,  ,  ,  , -6.2
21:12:48, 1700, 1516, 83796, 2.95, 337.40, 16.36, 60.05,  ,  ,  , -7.5
21:12:49, 1691, 1507, 83878, 2.80, 335.00, 16.42, 60.15,  , 43.057688, -87.895453, -8.2
21:12:51, 1673, 1489, 84058, 3.95, 350.60, 16.54, 60.30,  ,  ,  , -8.5
21:12:52, 1664, 1480, 84150, 4.30, 338.90, 16.61, 60.45, 35.0, 43.057817, -87.895485, -8.6
21:12:53, 1655, 1471, 84237, 4.05, 336.50, 16.69, 60.55,  ,  ,  , -8.8
21:12:54, 1646, 1462, 84323, 3.95, 336.10, 16.74, 60.65,  ,  ,  , -8.8
21:12:55, 1637, 1453, 84410, 2.25, 340.40, 16.82, 60.75,  , 43.057920, -87.895523, -8.8
21:12:56, 1629, 1445, 84487, 2.70, 11.50, 16.88, 60.85,  ,  ,  , -8.8
21:12:57, 1621, 1437, 84567, 3.30, 10.90, 16.95, 61.00,  ,  ,  , -8.7
21:12:58, 1613, 1429, 84648, 3.60, 352.10, 17.02, 61.05,  , 43.058025, -87.895503, -8.7
21:12:59, 1604, 1420, 84737, 2.30, 350.60, 17.09, 61.15,  ,  ,  , -8.7
21:13:00, 1595, 1411, 84820, 2.70, 8.50, 17.15, 61.20,  ,  ,  , -8.7
21:13:01, 1587, 1403, 84904, 1.95, 12.00, 17.24, 61.20,  , 43.058102, -87.895495, -8.7
21:13:03, 1570, 1386, 85071, 2.85, 17.50, 17.37, 61.15,  ,  ,  , -8.7
21:13:04, 1561, 1377, 85158, 1.95, 346.50, 17.47, 61.10,  , 43.058178, -87.895492, -8.6
21:13:05, 1552, 1368, 85252, 2.70, 18.10, 17.52, 61.00,  ,  ,  , -8.6
21:13:06, 1542, 1358, 85343, 2.55, 326.70, 17.57, 60.85,  ,  ,  , -8.6
21:13:07, 1533, 1349, 85434, 4.50, 334.90, 17.65, 60.75,  , 43.058273, -87.895517, -8.6
21:13:08, 1524, 1340, 85522, 2.35, 355.70, 17.69, 60.60,  ,  ,  , -8.7
21:13:09, 1516, 1332, 85609, 2.30, 338.30, 17.79, 60.45,  ,  ,  , -8.7
21:13:10, 1507, 1323, 85696, 2.75, 10.80, 17.85, 60.35,  , 43.058368, -87.895533, -8.8
21:13:11, 1499, 1315, 85776, 2.75, 326.40, 17.89, 60.25,  ,  ,  , -8.8
21:13:12, 1490, 1306, 85861, 4.25, 328.30, 17.96, 60.15,  ,  ,  , -8.8
21:13:13, 1482, 1298, 85946, 4.05, 344.30, 18.09, 60.05,  , 43.058468, -87.895588, -8.8
21:13:14, 1473, 1289, 86033, 3.40, 5.80, 18.19, 59.85,  ,  ,  , -8.8
21:13:15, 1464, 1280, 86117, 2.70, 4.70, 18.22, 59.70,  ,  ,  , -8.8
21:13:16, 1456, 1272, 86202, 2.60, 353.60, 18.27, 59.50,  , 43.058577, -87.895580, -8.7
21:13:17, 1448, 1264, 86280, 2.45, 351.10, 18.31, 59.35,  ,  ,  , -8.6
21:13:18, 1440, 1256, 86359, 2.65, 342.80, 18.39, 59.25,  ,  ,  , -8.5
21:13:19, 1432, 1248, 86438, 3.10, 331.90, 18.43, 59.20, 33.8, 43.058660, -87.895610, -8.4
21:13:20, 1423, 1239, 86528, 4.10, 323.40, 18.48, 59.20,  ,  ,  , -8.4
21:13:21, 1414, 1230, 86618, 5.00, 333.10, 18.57, 59.10,  ,  ,  , -8.5
21:13:22, 1405, 1221, 86708, 4.15, 345.00, 18.68, 59.05,  , 43.058770, -87.895690, -8.5
21:13:23, 1397, 1213, 86788, 3.30, 353.30, 18.73, 59.00,  ,  ,  , -8.4
21:13:24, 1389, 1205, 86869, 3.15, 329.90, 18.77, 58.90,  ,  ,  , -8.4
21:13:25, 1381, 1197, 86950, 4.75, 324.00, 18.84, 58.85,  , 43.058872, -87.895737, -8.3
21:13:26, 1373, 1189, 87036, 4.30, 341.90, 18.92, 58.80,  ,  ,  , -8.4
21:13:27, 1364, 1180, 87123, 4.15, 327.60, 19.00, 58.65,  ,  ,  , -8.4
21:13:28, 1355, 1171, 87210, 3.90, 342.60, 19.06, 58.60,  , 43.058985, -87.895803, -8.4
21:13:29, 1347, 1163, 87294, 4.40, 337.80, 19.13, 58.45,  ,  ,  , -8.4
21:13:30, 1338, 1154, 87384, 4.90, 331.70, 19.20, 58.30,  ,  ,  , -8.5
21:13:31, 1329, 1145, 87474, 4.55, 329.70, 19.28, 58.20,  , 43.059103, -87.895875, -8.6
21:13:33, 1311, 1127, 87653, 5.45, 328.70, 19.43, 57.90,  ,  ,  , -8.7
21:13:34, 1302, 1118, 87744, 5.55, 326.40, 19.50, 57.70,  , 43.059225, -87.895957, -8.7
21:13:35, 1294, 1110, 87827, 5.10, 327.30, 19.59, 57.60,  ,  ,  , -8.6
21:13:36, 1286, 1102, 87905, 4.00, 326.30, 19.65, 57.35,  ,  ,  , -8.6
21:13:37, 1279, 1095, 87984, 4.35, 338.30, 19.74, 57.25,  , 43.059337, -87.896032, -8.5
21:13:38, 1270, 1086, 88068, 4.80, 324.90, 19.81, 57.10,  ,  ,  , -8.6
21:13:39, 1262, 1078, 88156, 4.20, 333.00, 19.90, 56.90,  ,  ,  , -8.6
21:13:40, 1253, 1069, 88244, 4.40, 334.70, 19.96, 56.70,  , 43.059447, -87.896100, -8.6
21:13:41, 1245, 1061, 88328, 4.55, 334.90, 20.04, 56.55,  ,  ,  , -8.5
21:13:42, 1236, 1052, 88414, 4.55, 334.60, 20.10, 56.45,  ,  ,  , -8.5
21:13:43, 1228, 1044, 88500, 5.20, 331.30, 20.18, 56.30,  , 43.059565, -87.896172, -8.4
21:13:44, 1219, 1035, 88589, 4.85, 327.40, 20.26, 56.10,  ,  ,  , -8.5
21:13:45, 1210, 1026, 88678, 4.35, 332.70, 20.34, 55.95,  ,  ,  , -8.4
21:13:46, 1202, 1018, 88768, 4.50, 330.90, 20.46, 55.75, 33.0, 43.059673, -87.896255, -8.4
21:13:47, 1193, 1009, 88859, 4.80, 335.10, 20.46, 55.60,  ,  ,  , -8.4
21:13:48, 1184, 1000, 88946, 4.80, 334.10, 20.54, 55.45,  ,  ,  , -8.5
21:13:49, 1175, 991, 89034, 4.90, 328.70, 20.63, 55.30,  , 43.059788, -87.896335, -8.5
21:13:50, 1167, 983, 89117, 4.80, 325.20, 20.71, 55.15,  ,  ,  , -8.6
21:13:51, 1159, 975, 89201, 4.40, 331.80, 20.78, 54.85,  ,  ,  , -8.5
21:13:52, 1151, 967, 89286, 5.15, 330.70, 20.87, 54.55,  , 43.059900, -87.896423, -8.5
21:13:53, 1142, 958, 89374, 4.80, 326.20, 20.94, 54.10,  ,  ,  , -8.5
21:13:54, 1134, 950, 89463, 4.80, 328.30, 21.01, 53.75,  ,  ,  , -8.5
21:13:55, 1125, 941, 89552, 4.90, 331.60, 21.09, 53.40,  , 43.060008, -87.896518, -8.5
21:13:56, 1116, 932, 89645, 5.10, 330.90, 21.16, 53.05,  ,  ,  , -8.6
21:13:57, 1107, 923, 89739, 5.10, 329.10, 21.24, 52.60,  ,  ,  , -8.6
21:13:58, 1097, 913, 89834, 5.00, 329.10, 21.31, 52.25,  , 43.060125, -87.896610, -8.7
21:13:59, 1089, 905, 89920, 5.00, 322.40, 21.39, 51.90,  ,  ,  , -8.6
21:14:00, 1081, 897, 90008, 5.55, 321.30, 21.46, 51.65,  ,  ,  , -8.6
21:14:01, 1072, 888, 90096, 4.90, 324.70, 21.54, 51.45,  , 43.060238, -87.896725, -8.6
21:14:03, 1056, 872, 90258, 5.45, 317.00, 21.69, 51.10,  ,  ,  , -8.6
21:14:04, 1048, 864, 90340, 5.10, 320.00, 21.76, 50.90,  , 43.060352, -87.896848, -8.5
21:14:05, 1040, 856, 90422, 4.95, 323.90, 21.85, 50.75,  ,  ,  , -8.5
21:14:06, 1032, 848, 90504, 5.20, 328.90, 21.91, 50.50,  ,  ,  , -8.5
21:14:07, 1025, 841, 90586, 5.20, 329.30, 21.99, 50.15,  , 43.060470, -87.896950, -8.4
21:14:08, 1017, 833, 90669, 5.15, 328.40, 22.06, 49.95,  ,  ,  , -8.3
21:14:09, 1009, 825, 90750, 5.15, 326.60, 22.13, 49.75,  ,  ,  , -8.2
21:14:10, 1001, 817, 90832, 4.95, 324.80, 22.19, 49.70,  , 43.060580, -87.897047, -8.0
21:14:11, 993, 809, 90916, 5.15, 326.30, 22.26, 49.80,  ,  ,  , -8.0
21:14:12, 985, 801, 91001, 5.40, 326.60, 22.32, 49.70,  ,  ,  , -8.0
21:14:13, 976, 792, 91086, 5.40, 323.60, 22.36, 49.40, 32.5, 43.060695, -87.897160, -8.0
21:14:14, 968, 784, 91170, 5.15, 322.10, 22.43, 49.10,  ,  ,  , -8.0
21:14:15, 960, 776, 91255, 5.60, 326.20, 22.48, 49.00,  ,  ,  , -8.0
21:14:16, 952, 768, 91340, 5.75, 327.30, 22.55, 49.00,  , 43.060815, -87.897278, -8.0
21:14:17, 944, 760, 91418, 5.75, 325.90, 22.59, 49.15,  ,  ,  , -8.0
21:14:18, 937, 753, 91500, 5.55, 325.20, 22.63, 49.45,  ,  ,  , -8.0
21:14:19, 929, 745, 91582, 5.55, 323.00, 22.70, 49.70,  , 43.060932, -87.897397, -8.0
21:14:20, 921, 737, 91667, 5.55, 324.00, 22.74, 49.90,  ,  ,  , -8.0
21:14:21, 913, 729, 91751, 5.65, 320.10, 22.79, 50.05,  ,  ,  , -8.0
21:14:22, 905, 721, 91836, 5.75, 323.40, 22.85, 50.25,  , 43.061047, -87.897523, -8.0
21:14:23, 896, 712, 91922, 5.75, 321.60, 22.88, 50.50,  ,  ,  , -8.1
21:14:24, 888, 704, 92007, 5.60, 321.50, 22.93, 50.75,  ,  ,  , -8.1
21:14:25, 880, 696, 92092, 6.40, 320.70, 22.99, 50.90,  , 43.061168, -87.897662, -8.0
21:14:26, 872, 688, 92172, 6.00, 323.50, 23.03, 50.95,  ,  ,  , -8.0
21:14:27, 865, 681, 92253, 6.30, 324.90, 23.09, 51.05,  ,  ,  , -8.0
21:14:28, 857, 673, 92334, 6.05, 323.40, 23.17, 51.15,  , 43.061297, -87.897800, -7.9
21:14:29, 849, 665, 92418, 6.10, 323.30, 23.23, 51.20,  ,  ,  , -7.9
21:14:30, 841, 657, 92501, 5.60, 322.10, 23.27, 51.25,  ,  ,  , -7.9
21:14:31, 833, 649, 92584, 5.75, 320.60, 23.34, 51.20,  , 43.061408, -87.897927, -7.9
21:14:33, 817, 633, 92752, 5.95, 321.20, 23.47, 51.10,  ,  ,  , -7.9
21:14:34, 809, 625, 92836, 6.10, 322.70, 23.53, 51.05,  , 43.061525, -87.898063, -7.9
21:14:35, 801, 617, 92919, 6.00, 318.70, 23.59, 51.00,  ,  ,  , -7.9
21:14:36, 794, 610, 93002, 5.90, 315.90, 23.66, 50.90,  ,  ,  , -7.9
21:14:37, 786, 602, 93086, 5.90, 317.10, 23.71, 50.80,  , 43.061643, -87.898215, -7.9
21:14:38, 778, 594, 93168, 5.90, 318.70, 23.75, 50.80,  ,  ,  , -7.8
21:14:39, 770, 586, 93247, 6.65, 319.10, 23.79, 50.75,  ,  ,  , -7.8
21:14:40, 763, 579, 93326, 6.85, 320.20, 23.82, 50.55, 33.0, 43.061770, -87.898373, -7.8
21:14:41, 755, 571, 93407, 6.65, 320.10, 23.87, 50.40,  ,  ,  , -7.8
21:14:42, 747, 563, 93494, 6.45, 318.90, 23.91, 50.35,  ,  ,  , -7.8
21:14:43, 739, 555, 93582, 6.50, 318.80, 23.94, 50.20,  , 43.061900, -87.898532, -7.9
21:14:44, 731, 547, 93665, 6.60, 318.00, 23.96, 50.15,  ,  ,  , -7.9
21:14:45, 723, 539, 93748, 6.65, 318.50, 24.01, 50.15,  ,  ,  , -7.9
21:14:46, 715, 531, 93832, 6.85, 319.70, 24.03, 50.10,  , 43.062028, -87.898695, -7.8
21:14:47, 708, 524, 93912, 7.20, 321.40, 24.05, 50.15,  ,  ,  , -7.8
21:14:48, 701, 517, 93990, 7.05, 321.20, 24.07, 50.30,  ,  ,  , -7.7
21:14:49, 693, 509, 94068, 7.35, 324.50, 24.10, 50.40,  , 43.062178, -87.898865, -7.7
21:14:50, 685, 501, 94155, 7.95, 321.60, 24.13, 50.45,  ,  ,  , -7.7
21:14:51, 677, 493, 94243, 7.55, 321.40, 24.17, 50.40,  ,  ,  , -7.8
21:14:52, 669, 485, 94332, 7.25, 323.40, 24.19, 50.30,  , 43.062337, -87.899042, -7.8
21:14:53, 661, 477, 94412, 7.70, 324.70, 24.23, 50.15,  ,  ,  , -7.8
21:14:54, 653, 469, 94495, 7.30, 322.10, 24.27, 50.10,  ,  ,  , -7.8
21:14:55, 646, 462, 94578, 7.30, 322.20, 24.33, 50.05,  , 43.062495, -87.899200, -7.8
21:14:56, 638, 454, 94658, 7.25, 320.80, 24.38, 49.90,  ,  ,  , -7.8
21:14:57, 631, 447, 94740, 7.20, 321.00, 24.41, 49.75,  ,  ,  , -7.7
21:14:58, 623, 439, 94822, 7.30, 321.10, 24.43, 49.70,  , 43.062638, -87.899360, -7.7
21:14:59, 615, 431, 94904, 7.40, 322.80, 24.47, 49.80,  ,  ,  , -7.7
21:15:00, 608, 424, 94987, 7.65, 322.10, 24.49, 49.80,  ,  ,  , -7.7
21:15:01, 600, 416, 95070, 7.65, 322.10, 24.50, 49.85,  , 43.062797, -87.899528, -7.8
21:15:03, 584, 400, 95240, 7.75, 319.70, 24.53, 50.00,  ,  ,  , -7.8
21:15:04, 576, 392, 95326, 8.65, 324.50, 24.55, 49.75,  , 43.062963, -87.899712, -7.8
21:15:06, 562, 378, 95482, 8.55, 327.60, 24.61, 49.20,  ,  ,  , -7.6
21:15:07, 555, 371, 95560, 8.25, 325.40, 24.61, 48.95, 33.5, 43.063148, -87.899885, -7.6
21:15:08, 547, 363, 95646, 7.90, 324.10, 24.62, 48.75,  ,  ,  , -7.6
21:15:09, 539, 355, 95732, 7.75, 325.70, 24.62, 48.65,  ,  ,  , -7.6
21:15:10, 531, 347, 95818, 7.70, 323.20, 24.62, 48.55,  , 43.063313, -87.900048, -7.7
21:15:11, 524, 340, 95897, 7.70, 322.00, 24.62, 48.25,  ,  ,  , -7.6
21:15:12, 517, 333, 95976, 7.50, 322.80, 24.62, 48.00,  ,  ,  , -7.6
21:15:13, 509, 325, 96056, 7.25, 318.20, 24.60, 48.00,  , 43.063463, -87.900223, -7.6
21:15:14, 501, 317, 96142, 7.60, 323.00, 24.57, 48.45,  ,  ,  , -7.6
21:15:15, 493, 309, 96229, 7.40, 317.30, 24.54, 48.90,  ,  ,  , -7.6
21:15:16, 485, 301, 96316, 7.70, 315.00, 24.50, 49.60,  , 43.063610, -87.900418, -7.6
21:15:17, 478, 294, 96395, 7.55, 314.20, 24.46, 50.25,  ,  ,  , -7.5
21:15:18, 471, 287, 96472, 7.55, 311.10, 24.42, 50.65,  ,  ,  , -7.5
21:15:19, 464, 280, 96550, 7.55, 312.10, 24.39, 50.75,  , 43.063738, -87.900632, -7.5
21:15:20, 456, 272, 96634, 7.15, 308.90, 24.37, 50.80,  ,  ,  , -7.5
21:15:21, 449, 265, 96718, 6.75, 309.40, 24.35, 50.90,  ,  ,  , -7.5
21:15:22, 441, 257, 96802, 6.40, 309.10, 24.34, 50.75,  , 43.063838, -87.900827, -7.5
21:15:23, 434, 250, 96880, 6.05, 310.00, 24.32, 50.50,  ,  ,  , -7.5
21:15:24, 426, 242, 96963, 5.65, 306.90, 24.28, 50.35,  ,  ,  , -7.5
21:15:25, 419, 235, 97046, 5.70, 303.60, 24.25, 50.35,  , 43.063915, -87.901005, -7.5
21:15:26, 411, 227, 97129, 5.55, 303.20, 24.23, 50.45,  ,  ,  , -7.5
21:15:27, 404, 220, 97212, 6.15, 303.50, 24.19, 50.80,  ,  ,  , -7.5
21:15:28, 396, 212, 97296, 6.80, 305.30, 24.15, 51.55,  , 43.063997, -87.901203, -7.5
21:15:29, 389, 205, 97380, 7.05, 307.40, 24.10, 52.45,  ,  ,  , -7.5
21:15:30, 381, 197, 97460, 6.90, 305.80, 24.06, 53.35,  ,  ,  , -7.5
21:15:31, 374, 190, 97540, 6.65, 306.00, 24.02, 54.00,  , 43.064088, -87.901428, -7.5
21:15:33, 359, 175, 97705, 6.15, 305.90, 23.94, 55.00,  ,  ,  , -7.5
21:15:34, 351, 167, 97792, 6.15, 309.90, 23.90, 55.40, 34.2, 43.064168, -87.901622, -7.5
21:15:35, 344, 160, 97880, 5.70, 312.70, 23.84, 55.75,  ,  ,  , -7.5
21:15:36, 336, 152, 97964, 5.60, 309.70, 23.77, 56.05,  ,  ,  , -7.5
21:15:37, 328, 144, 98048, 5.15, 309.70, 23.64, 56.45,  , 43.064252, -87.901785, -7.5
